"","dep","prov","distr"
"1","AMAZONAS","BAGUA","ARAMANGO"
"2","AMAZONAS","BAGUA","BAGUA"
"3","AMAZONAS","BAGUA","COPALLIN"
"4","AMAZONAS","BAGUA","EL PARCO"
"5","AMAZONAS","BAGUA","IMAZA"
"6","AMAZONAS","BAGUA","LA PECA"
"7","AMAZONAS","BONGARA","CHISQUILLA"
"8","AMAZONAS","BONGARA","CHURUJA"
"9","AMAZONAS","BONGARA","COROSHA"
"10","AMAZONAS","BONGARA","CUISPES"
"11","AMAZONAS","BONGARA","FLORIDA"
"12","AMAZONAS","BONGARA","JAZAN"
"13","AMAZONAS","BONGARA","JUMBILLA"
"14","AMAZONAS","BONGARA","RECTA"
"15","AMAZONAS","BONGARA","SAN CARLOS"
"16","AMAZONAS","BONGARA","SHIPASBAMBA"
"17","AMAZONAS","BONGARA","VALERA"
"18","AMAZONAS","BONGARA","YAMBRASBAMBA"
"19","AMAZONAS","CHACHAPOYAS","ASUNCION"
"20","AMAZONAS","CHACHAPOYAS","BALSAS"
"21","AMAZONAS","CHACHAPOYAS","CHACHAPOYAS"
"22","AMAZONAS","CHACHAPOYAS","CHETO"
"23","AMAZONAS","CHACHAPOYAS","CHILIQUIN"
"24","AMAZONAS","CHACHAPOYAS","CHUQUIBAMBA"
"25","AMAZONAS","CHACHAPOYAS","GRANADA"
"26","AMAZONAS","CHACHAPOYAS","HUANCAS"
"27","AMAZONAS","CHACHAPOYAS","LA JALCA"
"28","AMAZONAS","CHACHAPOYAS","LEIMEBAMBA"
"29","AMAZONAS","CHACHAPOYAS","LEVANTO"
"30","AMAZONAS","CHACHAPOYAS","MAGDALENA"
"31","AMAZONAS","CHACHAPOYAS","MARISCAL CASTILLA"
"32","AMAZONAS","CHACHAPOYAS","MOLINOPAMPA"
"33","AMAZONAS","CHACHAPOYAS","MONTEVIDEO"
"34","AMAZONAS","CHACHAPOYAS","OLLEROS"
"35","AMAZONAS","CHACHAPOYAS","QUINJALCA"
"36","AMAZONAS","CHACHAPOYAS","SAN FRANCISCO DE DAGUAS"
"37","AMAZONAS","CHACHAPOYAS","SAN ISIDRO DE MAINO"
"38","AMAZONAS","CHACHAPOYAS","SOLOCO"
"39","AMAZONAS","CHACHAPOYAS","SONCHE"
"40","AMAZONAS","CONDORCANQUI","EL CENEPA"
"41","AMAZONAS","CONDORCANQUI","NIEVA"
"42","AMAZONAS","CONDORCANQUI","RIO SANTIAGO"
"43","AMAZONAS","LUYA","CAMPORREDONDO"
"44","AMAZONAS","LUYA","COCABAMBA"
"45","AMAZONAS","LUYA","COLCAMAR"
"46","AMAZONAS","LUYA","CONILA"
"47","AMAZONAS","LUYA","INGUILPATA"
"48","AMAZONAS","LUYA","LAMUD"
"49","AMAZONAS","LUYA","LONGUITA"
"50","AMAZONAS","LUYA","LONYA CHICO"
"51","AMAZONAS","LUYA","LUYA"
"52","AMAZONAS","LUYA","LUYA VIEJO"
"53","AMAZONAS","LUYA","MARIA"
"54","AMAZONAS","LUYA","OCALLI"
"55","AMAZONAS","LUYA","OCUMAL"
"56","AMAZONAS","LUYA","PISUQUIA"
"57","AMAZONAS","LUYA","PROVIDENCIA"
"58","AMAZONAS","LUYA","SAN CRISTOBAL"
"59","AMAZONAS","LUYA","SAN FRANCISCO DEL YESO"
"60","AMAZONAS","LUYA","SAN JERONIMO"
"61","AMAZONAS","LUYA","SAN JUAN DE LOPECANCHA"
"62","AMAZONAS","LUYA","SANTA CATALINA"
"63","AMAZONAS","LUYA","SANTO TOMAS"
"64","AMAZONAS","LUYA","TINGO"
"65","AMAZONAS","LUYA","TRITA"
"66","AMAZONAS","RODRIGUEZ DE MENDOZA","CHIRIMOTO"
"67","AMAZONAS","RODRIGUEZ DE MENDOZA","COCHAMAL"
"68","AMAZONAS","RODRIGUEZ DE MENDOZA","HUAMBO"
"69","AMAZONAS","RODRIGUEZ DE MENDOZA","LIMABAMBA"
"70","AMAZONAS","RODRIGUEZ DE MENDOZA","LONGAR"
"71","AMAZONAS","RODRIGUEZ DE MENDOZA","MARISCAL BENAVIDES"
"72","AMAZONAS","RODRIGUEZ DE MENDOZA","MILPUC"
"73","AMAZONAS","RODRIGUEZ DE MENDOZA","OMIA"
"74","AMAZONAS","RODRIGUEZ DE MENDOZA","SAN NICOLAS"
"75","AMAZONAS","RODRIGUEZ DE MENDOZA","SANTA ROSA"
"76","AMAZONAS","RODRIGUEZ DE MENDOZA","TOTORA"
"77","AMAZONAS","RODRIGUEZ DE MENDOZA","VISTA ALEGRE"
"78","AMAZONAS","UTCUBAMBA","BAGUA GRANDE"
"79","AMAZONAS","UTCUBAMBA","CAJARURO"
"80","AMAZONAS","UTCUBAMBA","CUMBA"
"81","AMAZONAS","UTCUBAMBA","EL MILAGRO"
"82","AMAZONAS","UTCUBAMBA","JAMALCA"
"83","AMAZONAS","UTCUBAMBA","LONYA GRANDE"
"84","AMAZONAS","UTCUBAMBA","YAMON"
"85","ANCASH","AIJA","AIJA"
"86","ANCASH","AIJA","CORIS"
"87","ANCASH","AIJA","HUACLLAN"
"88","ANCASH","AIJA","LA MERCED"
"89","ANCASH","AIJA","SUCCHA"
"90","ANCASH","ANTONIO RAYMONDI","ACZO"
"91","ANCASH","ANTONIO RAYMONDI","CHACCHO"
"92","ANCASH","ANTONIO RAYMONDI","CHINGAS"
"93","ANCASH","ANTONIO RAYMONDI","LLAMELLIN"
"94","ANCASH","ANTONIO RAYMONDI","MIRGAS"
"95","ANCASH","ANTONIO RAYMONDI","SAN JUAN DE RONTOY"
"96","ANCASH","ASUNCION","ACOCHACA"
"97","ANCASH","ASUNCION","CHACAS"
"98","ANCASH","BOLOGNESI","ABELARDO PARDO LEZAMETA"
"99","ANCASH","BOLOGNESI","ANTONIO RAYMONDI"
"100","ANCASH","BOLOGNESI","AQUIA"
"101","ANCASH","BOLOGNESI","CAJACAY"
"102","ANCASH","BOLOGNESI","CANIS"
"103","ANCASH","BOLOGNESI","CHIQUIAN"
"104","ANCASH","BOLOGNESI","COLQUIOC"
"105","ANCASH","BOLOGNESI","HUALLANCA"
"106","ANCASH","BOLOGNESI","HUASTA"
"107","ANCASH","BOLOGNESI","HUAYLLACAYAN"
"108","ANCASH","BOLOGNESI","LA PRIMAVERA"
"109","ANCASH","BOLOGNESI","MANGAS"
"110","ANCASH","BOLOGNESI","PACLLON"
"111","ANCASH","BOLOGNESI","SAN MIGUEL DE CORPANQUI"
"112","ANCASH","BOLOGNESI","TICLLOS"
"113","ANCASH","CARHUAZ","ACOPAMPA"
"114","ANCASH","CARHUAZ","AMASHCA"
"115","ANCASH","CARHUAZ","ANTA"
"116","ANCASH","CARHUAZ","ATAQUERO"
"117","ANCASH","CARHUAZ","CARHUAZ"
"118","ANCASH","CARHUAZ","MARCARA"
"119","ANCASH","CARHUAZ","PARIAHUANCA"
"120","ANCASH","CARHUAZ","SAN MIGUEL DE ACO"
"121","ANCASH","CARHUAZ","SHILLA"
"122","ANCASH","CARHUAZ","TINCO"
"123","ANCASH","CARHUAZ","YUNGAR"
"124","ANCASH","CARLOS FERMIN FITZCARRALD","SAN LUIS"
"125","ANCASH","CARLOS FERMIN FITZCARRALD","SAN NICOLAS"
"126","ANCASH","CARLOS FERMIN FITZCARRALD","YAUYA"
"127","ANCASH","CASMA","BUENA VISTA ALTA"
"128","ANCASH","CASMA","CASMA"
"129","ANCASH","CASMA","COMANDANTE NOEL"
"130","ANCASH","CASMA","YAUTAN"
"131","ANCASH","CORONGO","ACO"
"132","ANCASH","CORONGO","BAMBAS"
"133","ANCASH","CORONGO","CORONGO"
"134","ANCASH","CORONGO","CUSCA"
"135","ANCASH","CORONGO","LA PAMPA"
"136","ANCASH","CORONGO","YANAC"
"137","ANCASH","CORONGO","YUPAN"
"138","ANCASH","HUARAZ","COCHABAMBA"
"139","ANCASH","HUARAZ","COLCABAMBA"
"140","ANCASH","HUARAZ","HUANCHAY"
"141","ANCASH","HUARAZ","HUARAZ"
"142","ANCASH","HUARAZ","INDEPENDENCIA"
"143","ANCASH","HUARAZ","JANGAS"
"144","ANCASH","HUARAZ","LA LIBERTAD"
"145","ANCASH","HUARAZ","OLLEROS"
"146","ANCASH","HUARAZ","PAMPAS GRANDE"
"147","ANCASH","HUARAZ","PARIACOTO"
"148","ANCASH","HUARAZ","PIRA"
"149","ANCASH","HUARAZ","TARICA"
"150","ANCASH","HUARI","ANRA"
"151","ANCASH","HUARI","CAJAY"
"152","ANCASH","HUARI","CHAVIN DE HUANTAR"
"153","ANCASH","HUARI","HUACACHI"
"154","ANCASH","HUARI","HUACCHIS"
"155","ANCASH","HUARI","HUACHIS"
"156","ANCASH","HUARI","HUANTAR"
"157","ANCASH","HUARI","HUARI"
"158","ANCASH","HUARI","MASIN"
"159","ANCASH","HUARI","PAUCAS"
"160","ANCASH","HUARI","PONTO"
"161","ANCASH","HUARI","RAHUAPAMPA"
"162","ANCASH","HUARI","RAPAYAN"
"163","ANCASH","HUARI","SAN MARCOS"
"164","ANCASH","HUARI","SAN PEDRO DE CHANA"
"165","ANCASH","HUARI","UCO"
"166","ANCASH","HUARMEY","COCHAPETI"
"167","ANCASH","HUARMEY","CULEBRAS"
"168","ANCASH","HUARMEY","HUARMEY"
"169","ANCASH","HUARMEY","HUAYAN"
"170","ANCASH","HUARMEY","MALVAS"
"171","ANCASH","HUAYLAS","CARAZ"
"172","ANCASH","HUAYLAS","HUALLANCA"
"173","ANCASH","HUAYLAS","HUATA"
"174","ANCASH","HUAYLAS","HUAYLAS"
"175","ANCASH","HUAYLAS","MATO"
"176","ANCASH","HUAYLAS","PAMPAROMAS"
"177","ANCASH","HUAYLAS","PUEBLO LIBRE"
"178","ANCASH","HUAYLAS","SANTA CRUZ"
"179","ANCASH","HUAYLAS","SANTO TORIBIO"
"180","ANCASH","HUAYLAS","YURACMARCA"
"181","ANCASH","MARISCAL LUZURIAGA","CASCA"
"182","ANCASH","MARISCAL LUZURIAGA","ELEAZAR GUZMAN BARRON"
"183","ANCASH","MARISCAL LUZURIAGA","FIDEL OLIVAS ESCUDERO"
"184","ANCASH","MARISCAL LUZURIAGA","LLAMA"
"185","ANCASH","MARISCAL LUZURIAGA","LLUMPA"
"186","ANCASH","MARISCAL LUZURIAGA","LUCMA"
"187","ANCASH","MARISCAL LUZURIAGA","MUSGA"
"188","ANCASH","MARISCAL LUZURIAGA","PISCOBAMBA"
"189","ANCASH","OCROS","ACAS"
"190","ANCASH","OCROS","CAJAMARQUILLA"
"191","ANCASH","OCROS","CARHUAPAMPA"
"192","ANCASH","OCROS","COCHAS"
"193","ANCASH","OCROS","CONGAS"
"194","ANCASH","OCROS","LLIPA"
"195","ANCASH","OCROS","OCROS"
"196","ANCASH","OCROS","SAN CRISTOBAL DE RAJAN"
"197","ANCASH","OCROS","SAN PEDRO"
"198","ANCASH","OCROS","SANTIAGO DE CHILCAS"
"199","ANCASH","PALLASCA","BOLOGNESI"
"200","ANCASH","PALLASCA","CABANA"
"201","ANCASH","PALLASCA","CONCHUCOS"
"202","ANCASH","PALLASCA","HUACASCHUQUE"
"203","ANCASH","PALLASCA","HUANDOVAL"
"204","ANCASH","PALLASCA","LACABAMBA"
"205","ANCASH","PALLASCA","LLAPO"
"206","ANCASH","PALLASCA","PALLASCA"
"207","ANCASH","PALLASCA","PAMPAS"
"208","ANCASH","PALLASCA","SANTA ROSA"
"209","ANCASH","PALLASCA","TAUCA"
"210","ANCASH","POMABAMBA","HUAYLLAN"
"211","ANCASH","POMABAMBA","PAROBAMBA"
"212","ANCASH","POMABAMBA","POMABAMBA"
"213","ANCASH","POMABAMBA","QUINUABAMBA"
"214","ANCASH","RECUAY","CATAC"
"215","ANCASH","RECUAY","COTAPARACO"
"216","ANCASH","RECUAY","HUAYLLAPAMPA"
"217","ANCASH","RECUAY","LLACLLIN"
"218","ANCASH","RECUAY","MARCA"
"219","ANCASH","RECUAY","PAMPAS CHICO"
"220","ANCASH","RECUAY","PARARIN"
"221","ANCASH","RECUAY","RECUAY"
"222","ANCASH","RECUAY","TAPACOCHA"
"223","ANCASH","RECUAY","TICAPAMPA"
"224","ANCASH","SANTA","CACERES DEL PERU"
"225","ANCASH","SANTA","CHIMBOTE"
"226","ANCASH","SANTA","COISHCO"
"227","ANCASH","SANTA","MACATE"
"228","ANCASH","SANTA","MORO"
"229","ANCASH","SANTA","NEPENA"
"230","ANCASH","SANTA","NUEVO CHIMBOTE"
"231","ANCASH","SANTA","SAMANCO"
"232","ANCASH","SANTA","SANTA"
"233","ANCASH","SIHUAS","ACOBAMBA"
"234","ANCASH","SIHUAS","ALFONSO UGARTE"
"235","ANCASH","SIHUAS","CASHAPAMPA"
"236","ANCASH","SIHUAS","CHINGALPO"
"237","ANCASH","SIHUAS","HUAYLLABAMBA"
"238","ANCASH","SIHUAS","QUICHES"
"239","ANCASH","SIHUAS","RAGASH"
"240","ANCASH","SIHUAS","SAN JUAN"
"241","ANCASH","SIHUAS","SICSIBAMBA"
"242","ANCASH","SIHUAS","SIHUAS"
"243","ANCASH","YUNGAY","CASCAPARA"
"244","ANCASH","YUNGAY","MANCOS"
"245","ANCASH","YUNGAY","MATACOTO"
"246","ANCASH","YUNGAY","QUILLO"
"247","ANCASH","YUNGAY","RANRAHIRCA"
"248","ANCASH","YUNGAY","SHUPLUY"
"249","ANCASH","YUNGAY","YANAMA"
"250","ANCASH","YUNGAY","YUNGAY"
"251","APURIMAC","ABANCAY","ABANCAY"
"252","APURIMAC","ABANCAY","CHACOCHE"
"253","APURIMAC","ABANCAY","CIRCA"
"254","APURIMAC","ABANCAY","CURAHUASI"
"255","APURIMAC","ABANCAY","HUANIPACA"
"256","APURIMAC","ABANCAY","LAMBRAMA"
"257","APURIMAC","ABANCAY","PICHIRHUA"
"258","APURIMAC","ABANCAY","SAN PEDRO DE CACHORA"
"259","APURIMAC","ABANCAY","TAMBURCO"
"260","APURIMAC","ANDAHUAYLAS","ANDAHUAYLAS"
"261","APURIMAC","ANDAHUAYLAS","ANDARAPA"
"262","APURIMAC","ANDAHUAYLAS","CHIARA"
"263","APURIMAC","ANDAHUAYLAS","HUANCARAMA"
"264","APURIMAC","ANDAHUAYLAS","HUANCARAY"
"265","APURIMAC","ANDAHUAYLAS","HUAYANA"
"266","APURIMAC","ANDAHUAYLAS","JOSE MARIA ARGUEDAS"
"267","APURIMAC","ANDAHUAYLAS","KAQUIABAMBA"
"268","APURIMAC","ANDAHUAYLAS","KISHUARA"
"269","APURIMAC","ANDAHUAYLAS","PACOBAMBA"
"270","APURIMAC","ANDAHUAYLAS","PACUCHA"
"271","APURIMAC","ANDAHUAYLAS","PAMPACHIRI"
"272","APURIMAC","ANDAHUAYLAS","POMACOCHA"
"273","APURIMAC","ANDAHUAYLAS","SAN ANTONIO DE CACHI"
"274","APURIMAC","ANDAHUAYLAS","SAN JERONIMO"
"275","APURIMAC","ANDAHUAYLAS","SAN MIGUEL DE CHACCRAMPA"
"276","APURIMAC","ANDAHUAYLAS","SANTA MARIA DE CHICMO"
"277","APURIMAC","ANDAHUAYLAS","TALAVERA"
"278","APURIMAC","ANDAHUAYLAS","TUMAY HUARACA"
"279","APURIMAC","ANDAHUAYLAS","TURPO"
"280","APURIMAC","ANTABAMBA","ANTABAMBA"
"281","APURIMAC","ANTABAMBA","EL ORO"
"282","APURIMAC","ANTABAMBA","HUAQUIRCA"
"283","APURIMAC","ANTABAMBA","JUAN ESPINOZA MEDRANO"
"284","APURIMAC","ANTABAMBA","OROPESA"
"285","APURIMAC","ANTABAMBA","PACHACONAS"
"286","APURIMAC","ANTABAMBA","SABAINO"
"287","APURIMAC","AYMARAES","CAPAYA"
"288","APURIMAC","AYMARAES","CARAYBAMBA"
"289","APURIMAC","AYMARAES","CHALHUANCA"
"290","APURIMAC","AYMARAES","CHAPIMARCA"
"291","APURIMAC","AYMARAES","COLCABAMBA"
"292","APURIMAC","AYMARAES","COTARUSE"
"293","APURIMAC","AYMARAES","IHUAYLLO"
"294","APURIMAC","AYMARAES","JUSTO APU SAHUARAURA"
"295","APURIMAC","AYMARAES","LUCRE"
"296","APURIMAC","AYMARAES","POCOHUANCA"
"297","APURIMAC","AYMARAES","SAN JUAN DE CHACNA"
"298","APURIMAC","AYMARAES","SANAYCA"
"299","APURIMAC","AYMARAES","SORAYA"
"300","APURIMAC","AYMARAES","TAPAIRIHUA"
"301","APURIMAC","AYMARAES","TINTAY"
"302","APURIMAC","AYMARAES","TORAYA"
"303","APURIMAC","AYMARAES","YANACA"
"304","APURIMAC","CHINCHEROS","ANCO HUALLO"
"305","APURIMAC","CHINCHEROS","CHINCHEROS"
"306","APURIMAC","CHINCHEROS","COCHARCAS"
"307","APURIMAC","CHINCHEROS","EL PORVENIR"
"308","APURIMAC","CHINCHEROS","HUACCANA"
"309","APURIMAC","CHINCHEROS","LOS CHANKAS"
"310","APURIMAC","CHINCHEROS","OCOBAMBA"
"311","APURIMAC","CHINCHEROS","ONGOY"
"312","APURIMAC","CHINCHEROS","RANRACANCHA"
"313","APURIMAC","CHINCHEROS","ROCCHACC"
"314","APURIMAC","CHINCHEROS","URANMARCA"
"315","APURIMAC","COTABAMBAS","CHALLHUAHUACHO"
"316","APURIMAC","COTABAMBAS","COTABAMBAS"
"317","APURIMAC","COTABAMBAS","COYLLURQUI"
"318","APURIMAC","COTABAMBAS","HAQUIRA"
"319","APURIMAC","COTABAMBAS","MARA"
"320","APURIMAC","COTABAMBAS","TAMBOBAMBA"
"321","APURIMAC","GRAU","CHUQUIBAMBILLA"
"322","APURIMAC","GRAU","CURASCO"
"323","APURIMAC","GRAU","CURPAHUASI"
"324","APURIMAC","GRAU","GAMARRA"
"325","APURIMAC","GRAU","HUAYLLATI"
"326","APURIMAC","GRAU","MAMARA"
"327","APURIMAC","GRAU","MICAELA BASTIDAS"
"328","APURIMAC","GRAU","PATAYPAMPA"
"329","APURIMAC","GRAU","PROGRESO"
"330","APURIMAC","GRAU","SAN ANTONIO"
"331","APURIMAC","GRAU","SANTA ROSA"
"332","APURIMAC","GRAU","TURPAY"
"333","APURIMAC","GRAU","VILCABAMBA"
"334","APURIMAC","GRAU","VIRUNDO"
"335","AREQUIPA","AREQUIPA","ALTO SELVA ALEGRE"
"336","AREQUIPA","AREQUIPA","AREQUIPA"
"337","AREQUIPA","AREQUIPA","CAYMA"
"338","AREQUIPA","AREQUIPA","CERRO COLORADO"
"339","AREQUIPA","AREQUIPA","CHARACATO"
"340","AREQUIPA","AREQUIPA","CHIGUATA"
"341","AREQUIPA","AREQUIPA","JACOBO HUNTER"
"342","AREQUIPA","AREQUIPA","JOSE LUIS BUSTAMANTE Y RIVERO"
"343","AREQUIPA","AREQUIPA","LA JOYA"
"344","AREQUIPA","AREQUIPA","MARIANO MELGAR"
"345","AREQUIPA","AREQUIPA","MIRAFLORES"
"346","AREQUIPA","AREQUIPA","MOLLEBAYA"
"347","AREQUIPA","AREQUIPA","PAUCARPATA"
"348","AREQUIPA","AREQUIPA","POCSI"
"349","AREQUIPA","AREQUIPA","POLOBAYA"
"350","AREQUIPA","AREQUIPA","QUEQUENA"
"351","AREQUIPA","AREQUIPA","SABANDIA"
"352","AREQUIPA","AREQUIPA","SACHACA"
"353","AREQUIPA","AREQUIPA","SAN JUAN DE SIGUAS"
"354","AREQUIPA","AREQUIPA","SAN JUAN DE TARUCANI"
"355","AREQUIPA","AREQUIPA","SANTA ISABEL DE SIGUAS"
"356","AREQUIPA","AREQUIPA","SANTA RITA DE SIGUAS"
"357","AREQUIPA","AREQUIPA","SOCABAYA"
"358","AREQUIPA","AREQUIPA","TIABAYA"
"359","AREQUIPA","AREQUIPA","UCHUMAYO"
"360","AREQUIPA","AREQUIPA","VITOR"
"361","AREQUIPA","AREQUIPA","YANAHUARA"
"362","AREQUIPA","AREQUIPA","YARABAMBA"
"363","AREQUIPA","AREQUIPA","YURA"
"364","AREQUIPA","CAMANA","CAMANA"
"365","AREQUIPA","CAMANA","JOSE MARIA QUIMPER"
"366","AREQUIPA","CAMANA","MARIANO NICOLAS VALCARCEL"
"367","AREQUIPA","CAMANA","MARISCAL CACERES"
"368","AREQUIPA","CAMANA","NICOLAS DE PIEROLA"
"369","AREQUIPA","CAMANA","OCONA"
"370","AREQUIPA","CAMANA","QUILCA"
"371","AREQUIPA","CAMANA","SAMUEL PASTOR"
"372","AREQUIPA","CARAVELI","ACARI"
"373","AREQUIPA","CARAVELI","ATICO"
"374","AREQUIPA","CARAVELI","ATIQUIPA"
"375","AREQUIPA","CARAVELI","BELLA UNION"
"376","AREQUIPA","CARAVELI","CAHUACHO"
"377","AREQUIPA","CARAVELI","CARAVELI"
"378","AREQUIPA","CARAVELI","CHALA"
"379","AREQUIPA","CARAVELI","CHAPARRA"
"380","AREQUIPA","CARAVELI","HUANUHUANU"
"381","AREQUIPA","CARAVELI","JAQUI"
"382","AREQUIPA","CARAVELI","LOMAS"
"383","AREQUIPA","CARAVELI","QUICACHA"
"384","AREQUIPA","CARAVELI","YAUCA"
"385","AREQUIPA","CASTILLA","ANDAGUA"
"386","AREQUIPA","CASTILLA","APLAO"
"387","AREQUIPA","CASTILLA","AYO"
"388","AREQUIPA","CASTILLA","CHACHAS"
"389","AREQUIPA","CASTILLA","CHILCAYMARCA"
"390","AREQUIPA","CASTILLA","CHOCO"
"391","AREQUIPA","CASTILLA","HUANCARQUI"
"392","AREQUIPA","CASTILLA","MACHAGUAY"
"393","AREQUIPA","CASTILLA","ORCOPAMPA"
"394","AREQUIPA","CASTILLA","PAMPACOLCA"
"395","AREQUIPA","CASTILLA","TIPAN"
"396","AREQUIPA","CASTILLA","UNON"
"397","AREQUIPA","CASTILLA","URACA"
"398","AREQUIPA","CASTILLA","VIRACO"
"399","AREQUIPA","CAYLLOMA","ACHOMA"
"400","AREQUIPA","CAYLLOMA","CABANACONDE"
"401","AREQUIPA","CAYLLOMA","CALLALLI"
"402","AREQUIPA","CAYLLOMA","CAYLLOMA"
"403","AREQUIPA","CAYLLOMA","CHIVAY"
"404","AREQUIPA","CAYLLOMA","COPORAQUE"
"405","AREQUIPA","CAYLLOMA","HUAMBO"
"406","AREQUIPA","CAYLLOMA","HUANCA"
"407","AREQUIPA","CAYLLOMA","ICHUPAMPA"
"408","AREQUIPA","CAYLLOMA","LARI"
"409","AREQUIPA","CAYLLOMA","LLUTA"
"410","AREQUIPA","CAYLLOMA","MACA"
"411","AREQUIPA","CAYLLOMA","MADRIGAL"
"412","AREQUIPA","CAYLLOMA","MAJES"
"413","AREQUIPA","CAYLLOMA","SAN ANTONIO DE CHUCA"
"414","AREQUIPA","CAYLLOMA","SIBAYO"
"415","AREQUIPA","CAYLLOMA","TAPAY"
"416","AREQUIPA","CAYLLOMA","TISCO"
"417","AREQUIPA","CAYLLOMA","TUTI"
"418","AREQUIPA","CAYLLOMA","YANQUE"
"419","AREQUIPA","CONDESUYOS","ANDARAY"
"420","AREQUIPA","CONDESUYOS","CAYARANI"
"421","AREQUIPA","CONDESUYOS","CHICHAS"
"422","AREQUIPA","CONDESUYOS","CHUQUIBAMBA"
"423","AREQUIPA","CONDESUYOS","IRAY"
"424","AREQUIPA","CONDESUYOS","RIO GRANDE"
"425","AREQUIPA","CONDESUYOS","SALAMANCA"
"426","AREQUIPA","CONDESUYOS","YANAQUIHUA"
"427","AREQUIPA","ISLAY","COCACHACRA"
"428","AREQUIPA","ISLAY","DEAN VALDIVIA"
"429","AREQUIPA","ISLAY","ISLAY"
"430","AREQUIPA","ISLAY","MEJIA"
"431","AREQUIPA","ISLAY","MOLLENDO"
"432","AREQUIPA","ISLAY","PUNTA DE BOMBON"
"433","AREQUIPA","LA UNION","ALCA"
"434","AREQUIPA","LA UNION","CHARCANA"
"435","AREQUIPA","LA UNION","COTAHUASI"
"436","AREQUIPA","LA UNION","HUAYNACOTAS"
"437","AREQUIPA","LA UNION","PAMPAMARCA"
"438","AREQUIPA","LA UNION","PUYCA"
"439","AREQUIPA","LA UNION","QUECHUALLA"
"440","AREQUIPA","LA UNION","SAYLA"
"441","AREQUIPA","LA UNION","TAURIA"
"442","AREQUIPA","LA UNION","TOMEPAMPA"
"443","AREQUIPA","LA UNION","TORO"
"444","AYACUCHO","CANGALLO","CANGALLO"
"445","AYACUCHO","CANGALLO","CHUSCHI"
"446","AYACUCHO","CANGALLO","LOS MOROCHUCOS"
"447","AYACUCHO","CANGALLO","MARIA PARADO DE BELLIDO"
"448","AYACUCHO","CANGALLO","PARAS"
"449","AYACUCHO","CANGALLO","TOTOS"
"450","AYACUCHO","HUAMANGA","ACOCRO"
"451","AYACUCHO","HUAMANGA","ACOS VINCHOS"
"452","AYACUCHO","HUAMANGA","ANDRES AVELINO CACERES DORREGARAY"
"453","AYACUCHO","HUAMANGA","AYACUCHO"
"454","AYACUCHO","HUAMANGA","CARMEN ALTO"
"455","AYACUCHO","HUAMANGA","CHIARA"
"456","AYACUCHO","HUAMANGA","JESUS NAZARENO"
"457","AYACUCHO","HUAMANGA","OCROS"
"458","AYACUCHO","HUAMANGA","PACAYCASA"
"459","AYACUCHO","HUAMANGA","QUINUA"
"460","AYACUCHO","HUAMANGA","SAN JOSE DE TICLLAS"
"461","AYACUCHO","HUAMANGA","SAN JUAN BAUTISTA"
"462","AYACUCHO","HUAMANGA","SANTIAGO DE PISCHA"
"463","AYACUCHO","HUAMANGA","SOCOS"
"464","AYACUCHO","HUAMANGA","TAMBILLO"
"465","AYACUCHO","HUAMANGA","VINCHOS"
"466","AYACUCHO","HUANCA SANCOS","CARAPO"
"467","AYACUCHO","HUANCA SANCOS","SACSAMARCA"
"468","AYACUCHO","HUANCA SANCOS","SANCOS"
"469","AYACUCHO","HUANCA SANCOS","SANTIAGO DE LUCANAMARCA"
"470","AYACUCHO","HUANTA","AYAHUANCO"
"471","AYACUCHO","HUANTA","CANAYRE"
"472","AYACUCHO","HUANTA","CHACA"
"473","AYACUCHO","HUANTA","HUAMANGUILLA"
"474","AYACUCHO","HUANTA","HUANTA"
"475","AYACUCHO","HUANTA","IGUAIN"
"476","AYACUCHO","HUANTA","LLOCHEGUA"
"477","AYACUCHO","HUANTA","LURICOCHA"
"478","AYACUCHO","HUANTA","PUCACOLPA"
"479","AYACUCHO","HUANTA","SANTILLANA"
"480","AYACUCHO","HUANTA","SIVIA"
"481","AYACUCHO","HUANTA","UCHURACCAY"
"482","AYACUCHO","LA MAR","ANCHIHUAY"
"483","AYACUCHO","LA MAR","ANCO"
"484","AYACUCHO","LA MAR","AYNA"
"485","AYACUCHO","LA MAR","CHILCAS"
"486","AYACUCHO","LA MAR","CHUNGUI"
"487","AYACUCHO","LA MAR","LUIS CARRANZA"
"488","AYACUCHO","LA MAR","ORONCCOY"
"489","AYACUCHO","LA MAR","SAMUGARI"
"490","AYACUCHO","LA MAR","SAN MIGUEL"
"491","AYACUCHO","LA MAR","SANTA ROSA"
"492","AYACUCHO","LA MAR","TAMBO"
"493","AYACUCHO","LUCANAS","AUCARA"
"494","AYACUCHO","LUCANAS","CABANA"
"495","AYACUCHO","LUCANAS","CARMEN SALCEDO"
"496","AYACUCHO","LUCANAS","CHAVINA"
"497","AYACUCHO","LUCANAS","CHIPAO"
"498","AYACUCHO","LUCANAS","HUAC HUAS"
"499","AYACUCHO","LUCANAS","LARAMATE"
"500","AYACUCHO","LUCANAS","LEONCIO PRADO"
"501","AYACUCHO","LUCANAS","LLAUTA"
"502","AYACUCHO","LUCANAS","LUCANAS"
"503","AYACUCHO","LUCANAS","OCANA"
"504","AYACUCHO","LUCANAS","OTOCA"
"505","AYACUCHO","LUCANAS","PUQUIO"
"506","AYACUCHO","LUCANAS","SAISA"
"507","AYACUCHO","LUCANAS","SAN CRISTOBAL"
"508","AYACUCHO","LUCANAS","SAN JUAN"
"509","AYACUCHO","LUCANAS","SAN PEDRO"
"510","AYACUCHO","LUCANAS","SAN PEDRO DE PALCO"
"511","AYACUCHO","LUCANAS","SANCOS"
"512","AYACUCHO","LUCANAS","SANTA ANA DE HUAYCAHUACHO"
"513","AYACUCHO","LUCANAS","SANTA LUCIA"
"514","AYACUCHO","PARINACOCHAS","CHUMPI"
"515","AYACUCHO","PARINACOCHAS","CORACORA"
"516","AYACUCHO","PARINACOCHAS","CORONEL CASTANEDA"
"517","AYACUCHO","PARINACOCHAS","PACAPAUSA"
"518","AYACUCHO","PARINACOCHAS","PULLO"
"519","AYACUCHO","PARINACOCHAS","PUYUSCA"
"520","AYACUCHO","PARINACOCHAS","SAN FRANCISCO DE RAVACAYCO"
"521","AYACUCHO","PARINACOCHAS","UPAHUACHO"
"522","AYACUCHO","PAUCAR DEL SARA SARA","COLTA"
"523","AYACUCHO","PAUCAR DEL SARA SARA","CORCULLA"
"524","AYACUCHO","PAUCAR DEL SARA SARA","LAMPA"
"525","AYACUCHO","PAUCAR DEL SARA SARA","MARCABAMBA"
"526","AYACUCHO","PAUCAR DEL SARA SARA","OYOLO"
"527","AYACUCHO","PAUCAR DEL SARA SARA","PARARCA"
"528","AYACUCHO","PAUCAR DEL SARA SARA","PAUSA"
"529","AYACUCHO","PAUCAR DEL SARA SARA","SAN JAVIER DE ALPABAMBA"
"530","AYACUCHO","PAUCAR DEL SARA SARA","SAN JOSE DE USHUA"
"531","AYACUCHO","PAUCAR DEL SARA SARA","SARA SARA"
"532","AYACUCHO","SUCRE","BELEN"
"533","AYACUCHO","SUCRE","CHALCOS"
"534","AYACUCHO","SUCRE","CHILCAYOC"
"535","AYACUCHO","SUCRE","HUACANA"
"536","AYACUCHO","SUCRE","MORCOLLA"
"537","AYACUCHO","SUCRE","PAICO"
"538","AYACUCHO","SUCRE","QUEROBAMBA"
"539","AYACUCHO","SUCRE","SAN PEDRO DE LARCAY"
"540","AYACUCHO","SUCRE","SAN SALVADOR DE QUIJE"
"541","AYACUCHO","SUCRE","SANTIAGO DE PAUCARAY"
"542","AYACUCHO","SUCRE","SORAS"
"543","AYACUCHO","VICTOR FAJARDO","ALCAMENCA"
"544","AYACUCHO","VICTOR FAJARDO","APONGO"
"545","AYACUCHO","VICTOR FAJARDO","ASQUIPATA"
"546","AYACUCHO","VICTOR FAJARDO","CANARIA"
"547","AYACUCHO","VICTOR FAJARDO","CAYARA"
"548","AYACUCHO","VICTOR FAJARDO","COLCA"
"549","AYACUCHO","VICTOR FAJARDO","HUALLA"
"550","AYACUCHO","VICTOR FAJARDO","HUAMANQUIQUIA"
"551","AYACUCHO","VICTOR FAJARDO","HUANCAPI"
"552","AYACUCHO","VICTOR FAJARDO","HUANCARAYLLA"
"553","AYACUCHO","VICTOR FAJARDO","SARHUA"
"554","AYACUCHO","VICTOR FAJARDO","VILCANCHOS"
"555","AYACUCHO","VILCAS HUAMAN","ACCOMARCA"
"556","AYACUCHO","VILCAS HUAMAN","CARHUANCA"
"557","AYACUCHO","VILCAS HUAMAN","CONCEPCION"
"558","AYACUCHO","VILCAS HUAMAN","HUAMBALPA"
"559","AYACUCHO","VILCAS HUAMAN","INDEPENDENCIA"
"560","AYACUCHO","VILCAS HUAMAN","SAURAMA"
"561","AYACUCHO","VILCAS HUAMAN","VILCAS HUAMAN"
"562","AYACUCHO","VILCAS HUAMAN","VISCHONGO"
"563","CAJAMARCA","CAJABAMBA","CACHACHI"
"564","CAJAMARCA","CAJABAMBA","CAJABAMBA"
"565","CAJAMARCA","CAJABAMBA","CONDEBAMBA"
"566","CAJAMARCA","CAJABAMBA","SITACOCHA"
"567","CAJAMARCA","CAJAMARCA","ASUNCION"
"568","CAJAMARCA","CAJAMARCA","CAJAMARCA"
"569","CAJAMARCA","CAJAMARCA","CHETILLA"
"570","CAJAMARCA","CAJAMARCA","COSPAN"
"571","CAJAMARCA","CAJAMARCA","ENCANADA"
"572","CAJAMARCA","CAJAMARCA","JESUS"
"573","CAJAMARCA","CAJAMARCA","LLACANORA"
"574","CAJAMARCA","CAJAMARCA","LOS BANOS DEL INCA"
"575","CAJAMARCA","CAJAMARCA","MAGDALENA"
"576","CAJAMARCA","CAJAMARCA","MATARA"
"577","CAJAMARCA","CAJAMARCA","NAMORA"
"578","CAJAMARCA","CAJAMARCA","SAN JUAN"
"579","CAJAMARCA","CELENDIN","CELENDIN"
"580","CAJAMARCA","CELENDIN","CHUMUCH"
"581","CAJAMARCA","CELENDIN","CORTEGANA"
"582","CAJAMARCA","CELENDIN","HUASMIN"
"583","CAJAMARCA","CELENDIN","JORGE CHAVEZ"
"584","CAJAMARCA","CELENDIN","JOSE GALVEZ"
"585","CAJAMARCA","CELENDIN","LA LIBERTAD DE PALLAN"
"586","CAJAMARCA","CELENDIN","MIGUEL IGLESIAS"
"587","CAJAMARCA","CELENDIN","OXAMARCA"
"588","CAJAMARCA","CELENDIN","SOROCHUCO"
"589","CAJAMARCA","CELENDIN","SUCRE"
"590","CAJAMARCA","CELENDIN","UTCO"
"591","CAJAMARCA","CHOTA","ANGUIA"
"592","CAJAMARCA","CHOTA","CHADIN"
"593","CAJAMARCA","CHOTA","CHALAMARCA"
"594","CAJAMARCA","CHOTA","CHIGUIRIP"
"595","CAJAMARCA","CHOTA","CHIMBAN"
"596","CAJAMARCA","CHOTA","CHOROPAMPA"
"597","CAJAMARCA","CHOTA","CHOTA"
"598","CAJAMARCA","CHOTA","COCHABAMBA"
"599","CAJAMARCA","CHOTA","CONCHAN"
"600","CAJAMARCA","CHOTA","HUAMBOS"
"601","CAJAMARCA","CHOTA","LAJAS"
"602","CAJAMARCA","CHOTA","LLAMA"
"603","CAJAMARCA","CHOTA","MIRACOSTA"
"604","CAJAMARCA","CHOTA","PACCHA"
"605","CAJAMARCA","CHOTA","PION"
"606","CAJAMARCA","CHOTA","QUEROCOTO"
"607","CAJAMARCA","CHOTA","SAN JUAN DE LICUPIS"
"608","CAJAMARCA","CHOTA","TACABAMBA"
"609","CAJAMARCA","CHOTA","TOCMOCHE"
"610","CAJAMARCA","CONTUMAZA","CHILETE"
"611","CAJAMARCA","CONTUMAZA","CONTUMAZA"
"612","CAJAMARCA","CONTUMAZA","CUPISNIQUE"
"613","CAJAMARCA","CONTUMAZA","GUZMANGO"
"614","CAJAMARCA","CONTUMAZA","SAN BENITO"
"615","CAJAMARCA","CONTUMAZA","SANTA CRUZ DE TOLED"
"616","CAJAMARCA","CONTUMAZA","TANTARICA"
"617","CAJAMARCA","CONTUMAZA","YONAN"
"618","CAJAMARCA","CUTERVO","CALLAYUC"
"619","CAJAMARCA","CUTERVO","CHOROS"
"620","CAJAMARCA","CUTERVO","CUJILLO"
"621","CAJAMARCA","CUTERVO","CUTERVO"
"622","CAJAMARCA","CUTERVO","LA RAMADA"
"623","CAJAMARCA","CUTERVO","PIMPINGOS"
"624","CAJAMARCA","CUTERVO","QUEROCOTILLO"
"625","CAJAMARCA","CUTERVO","SAN ANDRES DE CUTERVO"
"626","CAJAMARCA","CUTERVO","SAN JUAN DE CUTERVO"
"627","CAJAMARCA","CUTERVO","SAN LUIS DE LUCMA"
"628","CAJAMARCA","CUTERVO","SANTA CRUZ"
"629","CAJAMARCA","CUTERVO","SANTO DOMINGO DE LA CAPILLA"
"630","CAJAMARCA","CUTERVO","SANTO TOMAS"
"631","CAJAMARCA","CUTERVO","SOCOTA"
"632","CAJAMARCA","CUTERVO","TORIBIO CASANOVA"
"633","CAJAMARCA","HUALGAYOC","BAMBAMARCA"
"634","CAJAMARCA","HUALGAYOC","CHUGUR"
"635","CAJAMARCA","HUALGAYOC","HUALGAYOC"
"636","CAJAMARCA","JAEN","BELLAVISTA"
"637","CAJAMARCA","JAEN","CHONTALI"
"638","CAJAMARCA","JAEN","COLASAY"
"639","CAJAMARCA","JAEN","HUABAL"
"640","CAJAMARCA","JAEN","JAEN"
"641","CAJAMARCA","JAEN","LAS PIRIAS"
"642","CAJAMARCA","JAEN","POMAHUACA"
"643","CAJAMARCA","JAEN","PUCARA"
"644","CAJAMARCA","JAEN","SALLIQUE"
"645","CAJAMARCA","JAEN","SAN FELIPE"
"646","CAJAMARCA","JAEN","SAN JOSE DEL ALTO"
"647","CAJAMARCA","JAEN","SANTA ROSA"
"648","CAJAMARCA","SAN IGNACIO","CHIRINOS"
"649","CAJAMARCA","SAN IGNACIO","HUARANGO"
"650","CAJAMARCA","SAN IGNACIO","LA COIPA"
"651","CAJAMARCA","SAN IGNACIO","NAMBALLE"
"652","CAJAMARCA","SAN IGNACIO","SAN IGNACIO"
"653","CAJAMARCA","SAN IGNACIO","SAN JOSE DE LOURDES"
"654","CAJAMARCA","SAN IGNACIO","TABACONAS"
"655","CAJAMARCA","SAN MARCOS","CHANCAY"
"656","CAJAMARCA","SAN MARCOS","EDUARDO VILLANUEVA"
"657","CAJAMARCA","SAN MARCOS","GREGORIO PITA"
"658","CAJAMARCA","SAN MARCOS","ICHOCAN"
"659","CAJAMARCA","SAN MARCOS","JOSE MANUEL QUIROZ"
"660","CAJAMARCA","SAN MARCOS","JOSE SABOGAL"
"661","CAJAMARCA","SAN MARCOS","PEDRO GALVEZ"
"662","CAJAMARCA","SAN MIGUEL","BOLIVAR"
"663","CAJAMARCA","SAN MIGUEL","CALQUIS"
"664","CAJAMARCA","SAN MIGUEL","CATILLUC"
"665","CAJAMARCA","SAN MIGUEL","EL PRADO"
"666","CAJAMARCA","SAN MIGUEL","LA FLORIDA"
"667","CAJAMARCA","SAN MIGUEL","LLAPA"
"668","CAJAMARCA","SAN MIGUEL","NANCHOC"
"669","CAJAMARCA","SAN MIGUEL","NIEPOS"
"670","CAJAMARCA","SAN MIGUEL","SAN GREGORIO"
"671","CAJAMARCA","SAN MIGUEL","SAN MIGUEL"
"672","CAJAMARCA","SAN MIGUEL","SAN SILVESTRE DE COCHAN"
"673","CAJAMARCA","SAN MIGUEL","TONGOD"
"674","CAJAMARCA","SAN MIGUEL","UNION AGUA BLANCA"
"675","CAJAMARCA","SAN PABLO","SAN BERNARDINO"
"676","CAJAMARCA","SAN PABLO","SAN LUIS"
"677","CAJAMARCA","SAN PABLO","SAN PABLO"
"678","CAJAMARCA","SAN PABLO","TUMBADEN"
"679","CAJAMARCA","SANTA CRUZ","ANDABAMBA"
"680","CAJAMARCA","SANTA CRUZ","CATACHE"
"681","CAJAMARCA","SANTA CRUZ","CHANCAYBANOS"
"682","CAJAMARCA","SANTA CRUZ","LA ESPERANZA"
"683","CAJAMARCA","SANTA CRUZ","NINABAMBA"
"684","CAJAMARCA","SANTA CRUZ","PULAN"
"685","CAJAMARCA","SANTA CRUZ","SANTA CRUZ"
"686","CAJAMARCA","SANTA CRUZ","SAUCEPAMPA"
"687","CAJAMARCA","SANTA CRUZ","SEXI"
"688","CAJAMARCA","SANTA CRUZ","UTICYACU"
"689","CAJAMARCA","SANTA CRUZ","YAUYUCAN"
"690","CALLAO","CALLAO","BELLAVISTA"
"691","CALLAO","CALLAO","CALLAO"
"692","CALLAO","CALLAO","CARMEN DE LA LEGUA REYNOSO"
"693","CALLAO","CALLAO","LA PERLA"
"694","CALLAO","CALLAO","LA PUNTA"
"695","CALLAO","CALLAO","MI PERU"
"696","CALLAO","CALLAO","VENTANILLA"
"697","CUSCO","ACOMAYO","ACOMAYO"
"698","CUSCO","ACOMAYO","ACOPIA"
"699","CUSCO","ACOMAYO","ACOS"
"700","CUSCO","ACOMAYO","MOSOC LLACTA"
"701","CUSCO","ACOMAYO","POMACANCHI"
"702","CUSCO","ACOMAYO","RONDOCAN"
"703","CUSCO","ACOMAYO","SANGARARA"
"704","CUSCO","ANTA","ANCAHUASI"
"705","CUSCO","ANTA","ANTA"
"706","CUSCO","ANTA","CACHIMAYO"
"707","CUSCO","ANTA","CHINCHAYPUJIO"
"708","CUSCO","ANTA","HUAROCONDO"
"709","CUSCO","ANTA","LIMATAMBO"
"710","CUSCO","ANTA","MOLLEPATA"
"711","CUSCO","ANTA","PUCYURA"
"712","CUSCO","ANTA","ZURITE"
"713","CUSCO","CALCA","CALCA"
"714","CUSCO","CALCA","COYA"
"715","CUSCO","CALCA","LAMAY"
"716","CUSCO","CALCA","LARES"
"717","CUSCO","CALCA","PISAC"
"718","CUSCO","CALCA","SAN SALVADOR"
"719","CUSCO","CALCA","TARAY"
"720","CUSCO","CALCA","YANATILE"
"721","CUSCO","CANAS","CHECCA"
"722","CUSCO","CANAS","KUNTURKANKI"
"723","CUSCO","CANAS","LANGUI"
"724","CUSCO","CANAS","LAYO"
"725","CUSCO","CANAS","PAMPAMARCA"
"726","CUSCO","CANAS","QUEHUE"
"727","CUSCO","CANAS","TUPAC AMARU"
"728","CUSCO","CANAS","YANAOCA"
"729","CUSCO","CANCHIS","CHECACUPE"
"730","CUSCO","CANCHIS","COMBAPATA"
"731","CUSCO","CANCHIS","MARANGANI"
"732","CUSCO","CANCHIS","PITUMARCA"
"733","CUSCO","CANCHIS","SAN PABLO"
"734","CUSCO","CANCHIS","SAN PEDRO"
"735","CUSCO","CANCHIS","SICUANI"
"736","CUSCO","CANCHIS","TINTA"
"737","CUSCO","CHUMBIVILCAS","CAPACMARCA"
"738","CUSCO","CHUMBIVILCAS","CHAMACA"
"739","CUSCO","CHUMBIVILCAS","COLQUEMARCA"
"740","CUSCO","CHUMBIVILCAS","LIVITACA"
"741","CUSCO","CHUMBIVILCAS","LLUSCO"
"742","CUSCO","CHUMBIVILCAS","QUINOTA"
"743","CUSCO","CHUMBIVILCAS","SANTO TOMAS"
"744","CUSCO","CHUMBIVILCAS","VELILLE"
"745","CUSCO","CUSCO","CCORCA"
"746","CUSCO","CUSCO","CUSCO"
"747","CUSCO","CUSCO","POROY"
"748","CUSCO","CUSCO","SAN JERONIMO"
"749","CUSCO","CUSCO","SAN SEBASTIAN"
"750","CUSCO","CUSCO","SANTIAGO"
"751","CUSCO","CUSCO","SAYLLA"
"752","CUSCO","CUSCO","WANCHAQ"
"753","CUSCO","ESPINAR","ALTO PICHIGUA"
"754","CUSCO","ESPINAR","CONDOROMA"
"755","CUSCO","ESPINAR","COPORAQUE"
"756","CUSCO","ESPINAR","ESPINAR"
"757","CUSCO","ESPINAR","OCORURO"
"758","CUSCO","ESPINAR","PALLPATA"
"759","CUSCO","ESPINAR","PICHIGUA"
"760","CUSCO","ESPINAR","SUYCKUTAMBO"
"761","CUSCO","LA CONVENCION","ECHARATE"
"762","CUSCO","LA CONVENCION","HUAYOPATA"
"763","CUSCO","LA CONVENCION","INKAWASI"
"764","CUSCO","LA CONVENCION","KIMBIRI"
"765","CUSCO","LA CONVENCION","MARANURA"
"766","CUSCO","LA CONVENCION","MEGANTONI"
"767","CUSCO","LA CONVENCION","OCOBAMBA"
"768","CUSCO","LA CONVENCION","PICHARI"
"769","CUSCO","LA CONVENCION","QUELLOUNO"
"770","CUSCO","LA CONVENCION","SANTA ANA"
"771","CUSCO","LA CONVENCION","SANTA TERESA"
"772","CUSCO","LA CONVENCION","VILCABAMBA"
"773","CUSCO","LA CONVENCION","VILLA KINTIARINA"
"774","CUSCO","LA CONVENCION","VILLA VIRGEN"
"775","CUSCO","PARURO","ACCHA"
"776","CUSCO","PARURO","CCAPI"
"777","CUSCO","PARURO","COLCHA"
"778","CUSCO","PARURO","HUANOQUITE"
"779","CUSCO","PARURO","OMACHA"
"780","CUSCO","PARURO","PACCARITAMBO"
"781","CUSCO","PARURO","PARURO"
"782","CUSCO","PARURO","PILLPINTO"
"783","CUSCO","PARURO","YAURISQUE"
"784","CUSCO","PAUCARTAMBO","CAICAY"
"785","CUSCO","PAUCARTAMBO","CHALLABAMBA"
"786","CUSCO","PAUCARTAMBO","COLQUEPATA"
"787","CUSCO","PAUCARTAMBO","HUANCARANI"
"788","CUSCO","PAUCARTAMBO","KOSNIPATA"
"789","CUSCO","PAUCARTAMBO","PAUCARTAMBO"
"790","CUSCO","QUISPICANCHI","ANDAHUAYLILLAS"
"791","CUSCO","QUISPICANCHI","CAMANTI"
"792","CUSCO","QUISPICANCHI","CCARHUAYO"
"793","CUSCO","QUISPICANCHI","CCATCA"
"794","CUSCO","QUISPICANCHI","CUSIPATA"
"795","CUSCO","QUISPICANCHI","HUARO"
"796","CUSCO","QUISPICANCHI","LUCRE"
"797","CUSCO","QUISPICANCHI","MARCAPATA"
"798","CUSCO","QUISPICANCHI","OCONGATE"
"799","CUSCO","QUISPICANCHI","OROPESA"
"800","CUSCO","QUISPICANCHI","QUIQUIJANA"
"801","CUSCO","QUISPICANCHI","URCOS"
"802","CUSCO","URUBAMBA","CHINCHERO"
"803","CUSCO","URUBAMBA","HUAYLLABAMBA"
"804","CUSCO","URUBAMBA","MACHUPICCHU"
"805","CUSCO","URUBAMBA","MARAS"
"806","CUSCO","URUBAMBA","OLLANTAYTAMBO"
"807","CUSCO","URUBAMBA","URUBAMBA"
"808","CUSCO","URUBAMBA","YUCAY"
"809","HUANCAVELICA","ACOBAMBA","ACOBAMBA"
"810","HUANCAVELICA","ACOBAMBA","ANDABAMBA"
"811","HUANCAVELICA","ACOBAMBA","ANTA"
"812","HUANCAVELICA","ACOBAMBA","CAJA"
"813","HUANCAVELICA","ACOBAMBA","MARCAS"
"814","HUANCAVELICA","ACOBAMBA","PAUCARA"
"815","HUANCAVELICA","ACOBAMBA","POMACOCHA"
"816","HUANCAVELICA","ACOBAMBA","ROSARIO"
"817","HUANCAVELICA","ANGARAES","ANCHONGA"
"818","HUANCAVELICA","ANGARAES","CALLANMARCA"
"819","HUANCAVELICA","ANGARAES","CCOCHACCASA"
"820","HUANCAVELICA","ANGARAES","CHINCHO"
"821","HUANCAVELICA","ANGARAES","CONGALLA"
"822","HUANCAVELICA","ANGARAES","HUANCA HUANCA"
"823","HUANCAVELICA","ANGARAES","HUAYLLAY GRANDE"
"824","HUANCAVELICA","ANGARAES","JULCAMARCA"
"825","HUANCAVELICA","ANGARAES","LIRCAY"
"826","HUANCAVELICA","ANGARAES","SAN ANTONIO DE ANTAPARCO"
"827","HUANCAVELICA","ANGARAES","SANTO TOMAS DE PATA"
"828","HUANCAVELICA","ANGARAES","SECCLLA"
"829","HUANCAVELICA","CASTROVIRREYNA","ARMA"
"830","HUANCAVELICA","CASTROVIRREYNA","AURAHUA"
"831","HUANCAVELICA","CASTROVIRREYNA","CAPILLAS"
"832","HUANCAVELICA","CASTROVIRREYNA","CASTROVIRREYNA"
"833","HUANCAVELICA","CASTROVIRREYNA","CHUPAMARCA"
"834","HUANCAVELICA","CASTROVIRREYNA","COCAS"
"835","HUANCAVELICA","CASTROVIRREYNA","HUACHOS"
"836","HUANCAVELICA","CASTROVIRREYNA","HUAMATAMBO"
"837","HUANCAVELICA","CASTROVIRREYNA","MOLLEPAMPA"
"838","HUANCAVELICA","CASTROVIRREYNA","SAN JUAN"
"839","HUANCAVELICA","CASTROVIRREYNA","SANTA ANA"
"840","HUANCAVELICA","CASTROVIRREYNA","TANTARA"
"841","HUANCAVELICA","CASTROVIRREYNA","TICRAPO"
"842","HUANCAVELICA","CHURCAMPA","ANCO"
"843","HUANCAVELICA","CHURCAMPA","CHINCHIHUASI"
"844","HUANCAVELICA","CHURCAMPA","CHURCAMPA"
"845","HUANCAVELICA","CHURCAMPA","COSME"
"846","HUANCAVELICA","CHURCAMPA","EL CARMEN"
"847","HUANCAVELICA","CHURCAMPA","LA MERCED"
"848","HUANCAVELICA","CHURCAMPA","LOCROJA"
"849","HUANCAVELICA","CHURCAMPA","PACHAMARCA"
"850","HUANCAVELICA","CHURCAMPA","PAUCARBAMBA"
"851","HUANCAVELICA","CHURCAMPA","SAN MIGUEL DE MAYOCC"
"852","HUANCAVELICA","CHURCAMPA","SAN PEDRO DE CORIS"
"853","HUANCAVELICA","HUANCAVELICA","ACOBAMBILLA"
"854","HUANCAVELICA","HUANCAVELICA","ACORIA"
"855","HUANCAVELICA","HUANCAVELICA","ASCENSION"
"856","HUANCAVELICA","HUANCAVELICA","CONAYCA"
"857","HUANCAVELICA","HUANCAVELICA","CUENCA"
"858","HUANCAVELICA","HUANCAVELICA","HUACHOCOLPA"
"859","HUANCAVELICA","HUANCAVELICA","HUANCAVELICA"
"860","HUANCAVELICA","HUANCAVELICA","HUANDO"
"861","HUANCAVELICA","HUANCAVELICA","HUAYLLAHUARA"
"862","HUANCAVELICA","HUANCAVELICA","IZCUCHACA"
"863","HUANCAVELICA","HUANCAVELICA","LARIA"
"864","HUANCAVELICA","HUANCAVELICA","MANTA"
"865","HUANCAVELICA","HUANCAVELICA","MARISCAL CACERES"
"866","HUANCAVELICA","HUANCAVELICA","MOYA"
"867","HUANCAVELICA","HUANCAVELICA","NUEVO OCCORO"
"868","HUANCAVELICA","HUANCAVELICA","PALCA"
"869","HUANCAVELICA","HUANCAVELICA","PILCHACA"
"870","HUANCAVELICA","HUANCAVELICA","VILCA"
"871","HUANCAVELICA","HUANCAVELICA","YAULI"
"872","HUANCAVELICA","HUAYTARA","AYAVI"
"873","HUANCAVELICA","HUAYTARA","CORDOVA"
"874","HUANCAVELICA","HUAYTARA","HUAYACUNDO ARMA"
"875","HUANCAVELICA","HUAYTARA","HUAYTARA"
"876","HUANCAVELICA","HUAYTARA","LARAMARCA"
"877","HUANCAVELICA","HUAYTARA","OCOYO"
"878","HUANCAVELICA","HUAYTARA","PILPICHACA"
"879","HUANCAVELICA","HUAYTARA","QUERCO"
"880","HUANCAVELICA","HUAYTARA","QUITO ARMA"
"881","HUANCAVELICA","HUAYTARA","SAN ANTONIO DE CUSICANCHA"
"882","HUANCAVELICA","HUAYTARA","SAN FRANCISCO DE SANGAYAICO"
"883","HUANCAVELICA","HUAYTARA","SAN ISIDRO"
"884","HUANCAVELICA","HUAYTARA","SANTIAGO DE CHOCORVOS"
"885","HUANCAVELICA","HUAYTARA","SANTIAGO DE QUIRAHUARA"
"886","HUANCAVELICA","HUAYTARA","SANTO DOMINGO DE CAPILLAS"
"887","HUANCAVELICA","HUAYTARA","TAMBO"
"888","HUANCAVELICA","TAYACAJA","ACOSTAMBO"
"889","HUANCAVELICA","TAYACAJA","ACRAQUIA"
"890","HUANCAVELICA","TAYACAJA","AHUAYCHA"
"891","HUANCAVELICA","TAYACAJA","ANDAYMARCA"
"892","HUANCAVELICA","TAYACAJA","COLCABAMBA"
"893","HUANCAVELICA","TAYACAJA","DANIEL HERNANDEZ"
"894","HUANCAVELICA","TAYACAJA","HUACHOCOLPA"
"895","HUANCAVELICA","TAYACAJA","HUARIBAMBA"
"896","HUANCAVELICA","TAYACAJA","NAHUIMPUQUIO"
"897","HUANCAVELICA","TAYACAJA","PAMPAS"
"898","HUANCAVELICA","TAYACAJA","PAZOS"
"899","HUANCAVELICA","TAYACAJA","PICHOS"
"900","HUANCAVELICA","TAYACAJA","QUICHUAS"
"901","HUANCAVELICA","TAYACAJA","QUISHUAR"
"902","HUANCAVELICA","TAYACAJA","ROBLE"
"903","HUANCAVELICA","TAYACAJA","SALCABAMBA"
"904","HUANCAVELICA","TAYACAJA","SALCAHUASI"
"905","HUANCAVELICA","TAYACAJA","SAN MARCOS DE ROCCHAC"
"906","HUANCAVELICA","TAYACAJA","SANTIAGO DE TUCUMA"
"907","HUANCAVELICA","TAYACAJA","SURCUBAMBA"
"908","HUANCAVELICA","TAYACAJA","TINTAY PUNCU"
"909","HUANUCO","AMBO","AMBO"
"910","HUANUCO","AMBO","CAYNA"
"911","HUANUCO","AMBO","COLPAS"
"912","HUANUCO","AMBO","CONCHAMARCA"
"913","HUANUCO","AMBO","HUACAR"
"914","HUANUCO","AMBO","SAN FRANCISCO"
"915","HUANUCO","AMBO","SAN RAFAEL"
"916","HUANUCO","AMBO","TOMAY KICHWA"
"917","HUANUCO","DOS DE MAYO","CHUQUIS"
"918","HUANUCO","DOS DE MAYO","LA UNION"
"919","HUANUCO","DOS DE MAYO","MARIAS"
"920","HUANUCO","DOS DE MAYO","PACHAS"
"921","HUANUCO","DOS DE MAYO","QUIVILLA"
"922","HUANUCO","DOS DE MAYO","RIPAN"
"923","HUANUCO","DOS DE MAYO","SHUNQUI"
"924","HUANUCO","DOS DE MAYO","SILLAPATA"
"925","HUANUCO","DOS DE MAYO","YANAS"
"926","HUANUCO","HUACAYBAMBA","CANCHABAMBA"
"927","HUANUCO","HUACAYBAMBA","COCHABAMBA"
"928","HUANUCO","HUACAYBAMBA","HUACAYBAMBA"
"929","HUANUCO","HUACAYBAMBA","PINRA"
"930","HUANUCO","HUAMALIES","ARANCAY"
"931","HUANUCO","HUAMALIES","CHAVIN DE PARIARCA"
"932","HUANUCO","HUAMALIES","JACAS GRANDE"
"933","HUANUCO","HUAMALIES","JIRCAN"
"934","HUANUCO","HUAMALIES","LLATA"
"935","HUANUCO","HUAMALIES","MIRAFLORES"
"936","HUANUCO","HUAMALIES","MONZON"
"937","HUANUCO","HUAMALIES","PUNCHAO"
"938","HUANUCO","HUAMALIES","PUNOS"
"939","HUANUCO","HUAMALIES","SINGA"
"940","HUANUCO","HUAMALIES","TANTAMAYO"
"941","HUANUCO","HUANUCO","AMARILIS"
"942","HUANUCO","HUANUCO","CHINCHAO"
"943","HUANUCO","HUANUCO","CHURUBAMBA"
"944","HUANUCO","HUANUCO","HUANUCO"
"945","HUANUCO","HUANUCO","MARGOS"
"946","HUANUCO","HUANUCO","PILLCO MARCA"
"947","HUANUCO","HUANUCO","QUISQUI (KICHKI)"
"948","HUANUCO","HUANUCO","SAN FRANCISCO DE CAYRAN"
"949","HUANUCO","HUANUCO","SAN PABLO DE PILLAO"
"950","HUANUCO","HUANUCO","SAN PEDRO DE CHAULAN"
"951","HUANUCO","HUANUCO","SANTA MARIA DEL VALLE"
"952","HUANUCO","HUANUCO","YACUS"
"953","HUANUCO","HUANUCO","YARUMAYO"
"954","HUANUCO","LAURICOCHA","BANOS"
"955","HUANUCO","LAURICOCHA","JESUS"
"956","HUANUCO","LAURICOCHA","JIVIA"
"957","HUANUCO","LAURICOCHA","QUEROPALCA"
"958","HUANUCO","LAURICOCHA","RONDOS"
"959","HUANUCO","LAURICOCHA","SAN FRANCISCO DE ASIS"
"960","HUANUCO","LAURICOCHA","SAN MIGUEL DE CAURI"
"961","HUANUCO","LEONCIO PRADO","CASTILLO GRANDE"
"962","HUANUCO","LEONCIO PRADO","DANIEL ALOMIA ROBLES"
"963","HUANUCO","LEONCIO PRADO","HERMILIO VALDIZAN"
"964","HUANUCO","LEONCIO PRADO","JOSE CRESPO Y CASTILLO"
"965","HUANUCO","LEONCIO PRADO","LUYANDO"
"966","HUANUCO","LEONCIO PRADO","MARIANO DAMASO BERAUN"
"967","HUANUCO","LEONCIO PRADO","PUCAYACU"
"968","HUANUCO","LEONCIO PRADO","PUEBLO NUEVO"
"969","HUANUCO","LEONCIO PRADO","RUPA RUPA"
"970","HUANUCO","LEONCIO PRADO","SANTO DOMINGO DE ANDA"
"971","HUANUCO","MARANON","CHOLON"
"972","HUANUCO","MARANON","HUACRACHUCO"
"973","HUANUCO","MARANON","LA MORADA"
"974","HUANUCO","MARANON","SAN BUENAVENTURA"
"975","HUANUCO","MARANON","SANTA ROSA DE ALTO YANAJANCA"
"976","HUANUCO","PACHITEA","CHAGLLA"
"977","HUANUCO","PACHITEA","MOLINO"
"978","HUANUCO","PACHITEA","PANAO"
"979","HUANUCO","PACHITEA","UMARI"
"980","HUANUCO","PUERTO INCA","CODO DEL POZUZO"
"981","HUANUCO","PUERTO INCA","HONORIA"
"982","HUANUCO","PUERTO INCA","PUERTO INCA"
"983","HUANUCO","PUERTO INCA","TOURNAVISTA"
"984","HUANUCO","PUERTO INCA","YUYAPICHIS"
"985","HUANUCO","YAROWILCA","APARICIO POMARES"
"986","HUANUCO","YAROWILCA","CAHUAC"
"987","HUANUCO","YAROWILCA","CHACABAMBA"
"988","HUANUCO","YAROWILCA","CHAVINILLO"
"989","HUANUCO","YAROWILCA","CHORAS"
"990","HUANUCO","YAROWILCA","JACAS CHICO"
"991","HUANUCO","YAROWILCA","OBAS"
"992","HUANUCO","YAROWILCA","PAMPAMARCA"
"993","ICA","CHINCHA","ALTO LARAN"
"994","ICA","CHINCHA","CHAVIN"
"995","ICA","CHINCHA","CHINCHA ALTA"
"996","ICA","CHINCHA","CHINCHA BAJA"
"997","ICA","CHINCHA","EL CARMEN"
"998","ICA","CHINCHA","GROCIO PRADO"
"999","ICA","CHINCHA","PUEBLO NUEVO"
"1000","ICA","CHINCHA","SAN JUAN DE YANAC"
"1001","ICA","CHINCHA","SAN PEDRO DE HUACARPANA"
"1002","ICA","CHINCHA","SUNAMPE"
"1003","ICA","CHINCHA","TAMBO DE MORA"
"1004","ICA","ICA","ICA"
"1005","ICA","ICA","LA TINGUINA"
"1006","ICA","ICA","LOS AQUIJES"
"1007","ICA","ICA","OCUCAJE"
"1008","ICA","ICA","PACHACUTEC"
"1009","ICA","ICA","PARCONA"
"1010","ICA","ICA","PUEBLO NUEVO"
"1011","ICA","ICA","SALAS"
"1012","ICA","ICA","SAN JOSE DE LOS MOLINOS"
"1013","ICA","ICA","SAN JUAN BAUTISTA"
"1014","ICA","ICA","SANTIAGO"
"1015","ICA","ICA","SUBTANJALLA"
"1016","ICA","ICA","TATE"
"1017","ICA","ICA","YAUCA DEL ROSARIO"
"1018","ICA","NASCA","CHANGUILLO"
"1019","ICA","NASCA","EL INGENIO"
"1020","ICA","NASCA","MARCONA"
"1021","ICA","NASCA","NASCA"
"1022","ICA","NASCA","VISTA ALEGRE"
"1023","ICA","PALPA","LLIPATA"
"1024","ICA","PALPA","PALPA"
"1025","ICA","PALPA","RIO GRANDE"
"1026","ICA","PALPA","SANTA CRUZ"
"1027","ICA","PALPA","TIBILLO"
"1028","ICA","PISCO","HUANCANO"
"1029","ICA","PISCO","HUMAY"
"1030","ICA","PISCO","INDEPENDENCIA"
"1031","ICA","PISCO","PARACAS"
"1032","ICA","PISCO","PISCO"
"1033","ICA","PISCO","SAN ANDRES"
"1034","ICA","PISCO","SAN CLEMENTE"
"1035","ICA","PISCO","TUPAC AMARU INCA"
"1036","JUNIN","CHANCHAMAYO","CHANCHAMAYO"
"1037","JUNIN","CHANCHAMAYO","PERENE"
"1038","JUNIN","CHANCHAMAYO","PICHANAQUI"
"1039","JUNIN","CHANCHAMAYO","SAN LUIS DE SHUARO"
"1040","JUNIN","CHANCHAMAYO","SAN RAMON"
"1041","JUNIN","CHANCHAMAYO","VITOC"
"1042","JUNIN","CHUPACA","AHUAC"
"1043","JUNIN","CHUPACA","CHONGOS BAJO"
"1044","JUNIN","CHUPACA","CHUPACA"
"1045","JUNIN","CHUPACA","HUACHAC"
"1046","JUNIN","CHUPACA","HUAMANCACA CHICO"
"1047","JUNIN","CHUPACA","SAN JUAN DE ISCOS"
"1048","JUNIN","CHUPACA","SAN JUAN DE JARPA"
"1049","JUNIN","CHUPACA","TRES DE DICIEMBRE"
"1050","JUNIN","CHUPACA","YANACANCHA"
"1051","JUNIN","CONCEPCION","ACO"
"1052","JUNIN","CONCEPCION","ANDAMARCA"
"1053","JUNIN","CONCEPCION","CHAMBARA"
"1054","JUNIN","CONCEPCION","COCHAS"
"1055","JUNIN","CONCEPCION","COMAS"
"1056","JUNIN","CONCEPCION","CONCEPCION"
"1057","JUNIN","CONCEPCION","HEROINAS TOLEDO"
"1058","JUNIN","CONCEPCION","MANZANARES"
"1059","JUNIN","CONCEPCION","MARISCAL CASTILLA"
"1060","JUNIN","CONCEPCION","MATAHUASI"
"1061","JUNIN","CONCEPCION","MITO"
"1062","JUNIN","CONCEPCION","NUEVE DE JULIO"
"1063","JUNIN","CONCEPCION","ORCOTUNA"
"1064","JUNIN","CONCEPCION","SAN JOSE DE QUERO"
"1065","JUNIN","CONCEPCION","SANTA ROSA DE OCOPA"
"1066","JUNIN","HUANCAYO","CARHUACALLANGA"
"1067","JUNIN","HUANCAYO","CHACAPAMPA"
"1068","JUNIN","HUANCAYO","CHICCHE"
"1069","JUNIN","HUANCAYO","CHILCA"
"1070","JUNIN","HUANCAYO","CHONGOS ALTO"
"1071","JUNIN","HUANCAYO","CHUPURO"
"1072","JUNIN","HUANCAYO","COLCA"
"1073","JUNIN","HUANCAYO","CULLHUAS"
"1074","JUNIN","HUANCAYO","EL TAMBO"
"1075","JUNIN","HUANCAYO","HUACRAPUQUIO"
"1076","JUNIN","HUANCAYO","HUALHUAS"
"1077","JUNIN","HUANCAYO","HUANCAN"
"1078","JUNIN","HUANCAYO","HUANCAYO"
"1079","JUNIN","HUANCAYO","HUASICANCHA"
"1080","JUNIN","HUANCAYO","HUAYUCACHI"
"1081","JUNIN","HUANCAYO","INGENIO"
"1082","JUNIN","HUANCAYO","PARIAHUANCA"
"1083","JUNIN","HUANCAYO","PILCOMAYO"
"1084","JUNIN","HUANCAYO","PUCARA"
"1085","JUNIN","HUANCAYO","QUICHUAY"
"1086","JUNIN","HUANCAYO","QUILCAS"
"1087","JUNIN","HUANCAYO","SAN AGUSTIN"
"1088","JUNIN","HUANCAYO","SAN JERONIMO DE TUNAN"
"1089","JUNIN","HUANCAYO","SANO"
"1090","JUNIN","HUANCAYO","SANTO DOMINGO DE ACOBAMBA"
"1091","JUNIN","HUANCAYO","SAPALLANGA"
"1092","JUNIN","HUANCAYO","SICAYA"
"1093","JUNIN","HUANCAYO","VIQUES"
"1094","JUNIN","JAUJA","ACOLLA"
"1095","JUNIN","JAUJA","APATA"
"1096","JUNIN","JAUJA","ATAURA"
"1097","JUNIN","JAUJA","CANCHAYLLO"
"1098","JUNIN","JAUJA","CURICACA"
"1099","JUNIN","JAUJA","EL MANTARO"
"1100","JUNIN","JAUJA","HUAMALI"
"1101","JUNIN","JAUJA","HUARIPAMPA"
"1102","JUNIN","JAUJA","HUERTAS"
"1103","JUNIN","JAUJA","JANJAILLO"
"1104","JUNIN","JAUJA","JAUJA"
"1105","JUNIN","JAUJA","JULCAN"
"1106","JUNIN","JAUJA","LEONOR ORDONEZ"
"1107","JUNIN","JAUJA","LLOCLLAPAMPA"
"1108","JUNIN","JAUJA","MARCO"
"1109","JUNIN","JAUJA","MASMA"
"1110","JUNIN","JAUJA","MASMA CHICCHE"
"1111","JUNIN","JAUJA","MOLINOS"
"1112","JUNIN","JAUJA","MONOBAMBA"
"1113","JUNIN","JAUJA","MUQUI"
"1114","JUNIN","JAUJA","MUQUIYAUYO"
"1115","JUNIN","JAUJA","PACA"
"1116","JUNIN","JAUJA","PACCHA"
"1117","JUNIN","JAUJA","PANCAN"
"1118","JUNIN","JAUJA","PARCO"
"1119","JUNIN","JAUJA","POMACANCHA"
"1120","JUNIN","JAUJA","RICRAN"
"1121","JUNIN","JAUJA","SAN LORENZO"
"1122","JUNIN","JAUJA","SAN PEDRO DE CHUNAN"
"1123","JUNIN","JAUJA","SAUSA"
"1124","JUNIN","JAUJA","SINCOS"
"1125","JUNIN","JAUJA","TUNAN MARCA"
"1126","JUNIN","JAUJA","YAULI"
"1127","JUNIN","JAUJA","YAUYOS"
"1128","JUNIN","JUNIN","CARHUAMAYO"
"1129","JUNIN","JUNIN","JUNIN"
"1130","JUNIN","JUNIN","ONDORES"
"1131","JUNIN","JUNIN","ULCUMAYO"
"1132","JUNIN","SATIPO","COVIRIALI"
"1133","JUNIN","SATIPO","LLAYLLA"
"1134","JUNIN","SATIPO","MAZAMARI"
"1135","JUNIN","SATIPO","PAMPA HERMOSA"
"1136","JUNIN","SATIPO","PANGOA"
"1137","JUNIN","SATIPO","RIO NEGRO"
"1138","JUNIN","SATIPO","RIO TAMBO"
"1139","JUNIN","SATIPO","SATIPO"
"1140","JUNIN","SATIPO","VIZCATAN DEL ENE"
"1141","JUNIN","TARMA","ACOBAMBA"
"1142","JUNIN","TARMA","HUARICOLCA"
"1143","JUNIN","TARMA","HUASAHUASI"
"1144","JUNIN","TARMA","LA UNION"
"1145","JUNIN","TARMA","PALCA"
"1146","JUNIN","TARMA","PALCAMAYO"
"1147","JUNIN","TARMA","SAN PEDRO DE CAJAS"
"1148","JUNIN","TARMA","TAPO"
"1149","JUNIN","TARMA","TARMA"
"1150","JUNIN","YAULI","CHACAPALPA"
"1151","JUNIN","YAULI","HUAY HUAY"
"1152","JUNIN","YAULI","LA OROYA"
"1153","JUNIN","YAULI","MARCAPOMACOCHA"
"1154","JUNIN","YAULI","MOROCOCHA"
"1155","JUNIN","YAULI","PACCHA"
"1156","JUNIN","YAULI","SANTA BARBARA DE CARHUACAYAN"
"1157","JUNIN","YAULI","SANTA ROSA DE SACCO"
"1158","JUNIN","YAULI","SUITUCANCHA"
"1159","JUNIN","YAULI","YAULI"
"1160","LA LIBERTAD","ASCOPE","ASCOPE"
"1161","LA LIBERTAD","ASCOPE","CASA GRANDE"
"1162","LA LIBERTAD","ASCOPE","CHICAMA"
"1163","LA LIBERTAD","ASCOPE","CHOCOPE"
"1164","LA LIBERTAD","ASCOPE","MAGDALENA DE CAO"
"1165","LA LIBERTAD","ASCOPE","PAIJAN"
"1166","LA LIBERTAD","ASCOPE","RAZURI"
"1167","LA LIBERTAD","ASCOPE","SANTIAGO DE CAO"
"1168","LA LIBERTAD","BOLIVAR","BAMBAMARCA"
"1169","LA LIBERTAD","BOLIVAR","BOLIVAR"
"1170","LA LIBERTAD","BOLIVAR","CONDORMARCA"
"1171","LA LIBERTAD","BOLIVAR","LONGOTEA"
"1172","LA LIBERTAD","BOLIVAR","UCHUMARCA"
"1173","LA LIBERTAD","BOLIVAR","UCUNCHA"
"1174","LA LIBERTAD","CHEPEN","CHEPEN"
"1175","LA LIBERTAD","CHEPEN","PACANGA"
"1176","LA LIBERTAD","CHEPEN","PUEBLO NUEVO"
"1177","LA LIBERTAD","GRAN CHIMU","CASCAS"
"1178","LA LIBERTAD","GRAN CHIMU","LUCMA"
"1179","LA LIBERTAD","GRAN CHIMU","MARMOT"
"1180","LA LIBERTAD","GRAN CHIMU","SAYAPULLO"
"1181","LA LIBERTAD","JULCAN","CALAMARCA"
"1182","LA LIBERTAD","JULCAN","CARABAMBA"
"1183","LA LIBERTAD","JULCAN","HUASO"
"1184","LA LIBERTAD","JULCAN","JULCAN"
"1185","LA LIBERTAD","OTUZCO","AGALLPAMPA"
"1186","LA LIBERTAD","OTUZCO","CHARAT"
"1187","LA LIBERTAD","OTUZCO","HUARANCHAL"
"1188","LA LIBERTAD","OTUZCO","LA CUESTA"
"1189","LA LIBERTAD","OTUZCO","MACHE"
"1190","LA LIBERTAD","OTUZCO","OTUZCO"
"1191","LA LIBERTAD","OTUZCO","PARANDAY"
"1192","LA LIBERTAD","OTUZCO","SALPO"
"1193","LA LIBERTAD","OTUZCO","SINSICAP"
"1194","LA LIBERTAD","OTUZCO","USQUIL"
"1195","LA LIBERTAD","PACASMAYO","GUADALUPE"
"1196","LA LIBERTAD","PACASMAYO","JEQUETEPEQUE"
"1197","LA LIBERTAD","PACASMAYO","PACASMAYO"
"1198","LA LIBERTAD","PACASMAYO","SAN JOSE"
"1199","LA LIBERTAD","PACASMAYO","SAN PEDRO DE LLOC"
"1200","LA LIBERTAD","PATAZ","BULDIBUYO"
"1201","LA LIBERTAD","PATAZ","CHILLIA"
"1202","LA LIBERTAD","PATAZ","HUANCASPATA"
"1203","LA LIBERTAD","PATAZ","HUAYLILLAS"
"1204","LA LIBERTAD","PATAZ","HUAYO"
"1205","LA LIBERTAD","PATAZ","ONGON"
"1206","LA LIBERTAD","PATAZ","PARCOY"
"1207","LA LIBERTAD","PATAZ","PATAZ"
"1208","LA LIBERTAD","PATAZ","PIAS"
"1209","LA LIBERTAD","PATAZ","SANTIAGO DE CHALLAS"
"1210","LA LIBERTAD","PATAZ","TAURIJA"
"1211","LA LIBERTAD","PATAZ","TAYABAMBA"
"1212","LA LIBERTAD","PATAZ","URPAY"
"1213","LA LIBERTAD","SANCHEZ CARRION","CHUGAY"
"1214","LA LIBERTAD","SANCHEZ CARRION","COCHORCO"
"1215","LA LIBERTAD","SANCHEZ CARRION","CURGOS"
"1216","LA LIBERTAD","SANCHEZ CARRION","HUAMACHUCO"
"1217","LA LIBERTAD","SANCHEZ CARRION","MARCABAL"
"1218","LA LIBERTAD","SANCHEZ CARRION","SANAGORAN"
"1219","LA LIBERTAD","SANCHEZ CARRION","SARIN"
"1220","LA LIBERTAD","SANCHEZ CARRION","SARTIMBAMBA"
"1221","LA LIBERTAD","SANTIAGO DE CHUCO","ANGASMARCA"
"1222","LA LIBERTAD","SANTIAGO DE CHUCO","CACHICADAN"
"1223","LA LIBERTAD","SANTIAGO DE CHUCO","MOLLEBAMBA"
"1224","LA LIBERTAD","SANTIAGO DE CHUCO","MOLLEPATA"
"1225","LA LIBERTAD","SANTIAGO DE CHUCO","QUIRUVILCA"
"1226","LA LIBERTAD","SANTIAGO DE CHUCO","SANTA CRUZ DE CHUCA"
"1227","LA LIBERTAD","SANTIAGO DE CHUCO","SANTIAGO DE CHUCO"
"1228","LA LIBERTAD","SANTIAGO DE CHUCO","SITABAMBA"
"1229","LA LIBERTAD","TRUJILLO","EL PORVENIR"
"1230","LA LIBERTAD","TRUJILLO","FLORENCIA DE MORA"
"1231","LA LIBERTAD","TRUJILLO","HUANCHACO"
"1232","LA LIBERTAD","TRUJILLO","LA ESPERANZA"
"1233","LA LIBERTAD","TRUJILLO","LAREDO"
"1234","LA LIBERTAD","TRUJILLO","MOCHE"
"1235","LA LIBERTAD","TRUJILLO","POROTO"
"1236","LA LIBERTAD","TRUJILLO","SALAVERRY"
"1237","LA LIBERTAD","TRUJILLO","SIMBAL"
"1238","LA LIBERTAD","TRUJILLO","TRUJILLO"
"1239","LA LIBERTAD","TRUJILLO","VICTOR LARCO HERRERA"
"1240","LA LIBERTAD","VIRU","CHAO"
"1241","LA LIBERTAD","VIRU","GUADALUPITO"
"1242","LA LIBERTAD","VIRU","VIRU"
"1243","LAMBAYEQUE","CHICLAYO","CAYALTI"
"1244","LAMBAYEQUE","CHICLAYO","CHICLAYO"
"1245","LAMBAYEQUE","CHICLAYO","CHONGOYAPE"
"1246","LAMBAYEQUE","CHICLAYO","ETEN"
"1247","LAMBAYEQUE","CHICLAYO","ETEN PUERTO"
"1248","LAMBAYEQUE","CHICLAYO","JOSE LEONARDO ORTIZ"
"1249","LAMBAYEQUE","CHICLAYO","LA VICTORIA"
"1250","LAMBAYEQUE","CHICLAYO","LAGUNAS"
"1251","LAMBAYEQUE","CHICLAYO","MONSEFU"
"1252","LAMBAYEQUE","CHICLAYO","NUEVA ARICA"
"1253","LAMBAYEQUE","CHICLAYO","OYOTUN"
"1254","LAMBAYEQUE","CHICLAYO","PATAPO"
"1255","LAMBAYEQUE","CHICLAYO","PICSI"
"1256","LAMBAYEQUE","CHICLAYO","PIMENTEL"
"1257","LAMBAYEQUE","CHICLAYO","POMALCA"
"1258","LAMBAYEQUE","CHICLAYO","PUCALA"
"1259","LAMBAYEQUE","CHICLAYO","REQUE"
"1260","LAMBAYEQUE","CHICLAYO","SANA"
"1261","LAMBAYEQUE","CHICLAYO","SANTA ROSA"
"1262","LAMBAYEQUE","CHICLAYO","TUMAN"
"1263","LAMBAYEQUE","FERRENAFE","CANARIS"
"1264","LAMBAYEQUE","FERRENAFE","FERRENAFE"
"1265","LAMBAYEQUE","FERRENAFE","INCAHUASI"
"1266","LAMBAYEQUE","FERRENAFE","MANUEL ANTONIO MESONES MURO"
"1267","LAMBAYEQUE","FERRENAFE","PITIPO"
"1268","LAMBAYEQUE","FERRENAFE","PUEBLO NUEVO"
"1269","LAMBAYEQUE","LAMBAYEQUE","CHOCHOPE"
"1270","LAMBAYEQUE","LAMBAYEQUE","ILLIMO"
"1271","LAMBAYEQUE","LAMBAYEQUE","JAYANCA"
"1272","LAMBAYEQUE","LAMBAYEQUE","LAMBAYEQUE"
"1273","LAMBAYEQUE","LAMBAYEQUE","MOCHUMI"
"1274","LAMBAYEQUE","LAMBAYEQUE","MORROPE"
"1275","LAMBAYEQUE","LAMBAYEQUE","MOTUPE"
"1276","LAMBAYEQUE","LAMBAYEQUE","OLMOS"
"1277","LAMBAYEQUE","LAMBAYEQUE","PACORA"
"1278","LAMBAYEQUE","LAMBAYEQUE","SALAS"
"1279","LAMBAYEQUE","LAMBAYEQUE","SAN JOSE"
"1280","LAMBAYEQUE","LAMBAYEQUE","TUCUME"
"1281","LIMA","BARRANCA","BARRANCA"
"1282","LIMA","BARRANCA","PARAMONGA"
"1283","LIMA","BARRANCA","PATIVILCA"
"1284","LIMA","BARRANCA","SUPE"
"1285","LIMA","BARRANCA","SUPE PUERTO"
"1286","LIMA","CAJATAMBO","CAJATAMBO"
"1287","LIMA","CAJATAMBO","COPA"
"1288","LIMA","CAJATAMBO","GORGOR"
"1289","LIMA","CAJATAMBO","HUANCAPON"
"1290","LIMA","CAJATAMBO","MANAS"
"1291","LIMA","CANETE","ASIA"
"1292","LIMA","CANETE","CALANGO"
"1293","LIMA","CANETE","CERRO AZUL"
"1294","LIMA","CANETE","CHILCA"
"1295","LIMA","CANETE","COAYLLO"
"1296","LIMA","CANETE","IMPERIAL"
"1297","LIMA","CANETE","LUNAHUANA"
"1298","LIMA","CANETE","MALA"
"1299","LIMA","CANETE","NUEVO IMPERIAL"
"1300","LIMA","CANETE","PACARAN"
"1301","LIMA","CANETE","QUILMANA"
"1302","LIMA","CANETE","SAN ANTONIO"
"1303","LIMA","CANETE","SAN LUIS"
"1304","LIMA","CANETE","SAN VICENTE DE CANETE"
"1305","LIMA","CANETE","SANTA CRUZ DE FLORES"
"1306","LIMA","CANETE","ZUNIGA"
"1307","LIMA","CANTA","ARAHUAY"
"1308","LIMA","CANTA","CANTA"
"1309","LIMA","CANTA","HUAMANTANGA"
"1310","LIMA","CANTA","HUAROS"
"1311","LIMA","CANTA","LACHAQUI"
"1312","LIMA","CANTA","SAN BUENAVENTURA"
"1313","LIMA","CANTA","SANTA ROSA DE QUIVES"
"1314","LIMA","HUARAL","ATAVILLOS ALTO"
"1315","LIMA","HUARAL","ATAVILLOS BAJO"
"1316","LIMA","HUARAL","AUCALLAMA"
"1317","LIMA","HUARAL","CHANCAY"
"1318","LIMA","HUARAL","HUARAL"
"1319","LIMA","HUARAL","IHUARI"
"1320","LIMA","HUARAL","LAMPIAN"
"1321","LIMA","HUARAL","PACARAOS"
"1322","LIMA","HUARAL","SAN MIGUEL DE ACOS"
"1323","LIMA","HUARAL","SANTA CRUZ DE ANDAMARCA"
"1324","LIMA","HUARAL","SUMBILCA"
"1325","LIMA","HUARAL","VEINTISIETE DE NOVIEMBRE"
"1326","LIMA","HUAROCHIRI","ANTIOQUIA"
"1327","LIMA","HUAROCHIRI","CALLAHUANCA"
"1328","LIMA","HUAROCHIRI","CARAMPOMA"
"1329","LIMA","HUAROCHIRI","CHICLA"
"1330","LIMA","HUAROCHIRI","CUENCA"
"1331","LIMA","HUAROCHIRI","HUACHUPAMPA"
"1332","LIMA","HUAROCHIRI","HUANZA"
"1333","LIMA","HUAROCHIRI","HUAROCHIRI"
"1334","LIMA","HUAROCHIRI","LAHUAYTAMBO"
"1335","LIMA","HUAROCHIRI","LANGA"
"1336","LIMA","HUAROCHIRI","MARIATANA"
"1337","LIMA","HUAROCHIRI","MATUCANA"
"1338","LIMA","HUAROCHIRI","RICARDO PALMA"
"1339","LIMA","HUAROCHIRI","SAN ANDRES DE TUPICOCHA"
"1340","LIMA","HUAROCHIRI","SAN ANTONIO"
"1341","LIMA","HUAROCHIRI","SAN BARTOLOME"
"1342","LIMA","HUAROCHIRI","SAN DAMIAN"
"1343","LIMA","HUAROCHIRI","SAN JUAN DE IRIS"
"1344","LIMA","HUAROCHIRI","SAN JUAN DE TANTARANCHE"
"1345","LIMA","HUAROCHIRI","SAN LORENZO DE QUINTI"
"1346","LIMA","HUAROCHIRI","SAN MATEO"
"1347","LIMA","HUAROCHIRI","SAN MATEO DE OTAO"
"1348","LIMA","HUAROCHIRI","SAN PEDRO DE CASTA"
"1349","LIMA","HUAROCHIRI","SAN PEDRO DE HUANCAYRE"
"1350","LIMA","HUAROCHIRI","SAN PEDRO DE LARAOS"
"1351","LIMA","HUAROCHIRI","SANGALLAYA"
"1352","LIMA","HUAROCHIRI","SANTA CRUZ DE COCACHACRA"
"1353","LIMA","HUAROCHIRI","SANTA EULALIA"
"1354","LIMA","HUAROCHIRI","SANTIAGO DE ANCHUCAYA"
"1355","LIMA","HUAROCHIRI","SANTIAGO DE TUNA"
"1356","LIMA","HUAROCHIRI","SANTO DOMINGO DE LOS OLLEROS"
"1357","LIMA","HUAROCHIRI","SURCO"
"1358","LIMA","HUAURA","AMBAR"
"1359","LIMA","HUAURA","CALETA DE CARQUIN"
"1360","LIMA","HUAURA","CHECRAS"
"1361","LIMA","HUAURA","HUACHO"
"1362","LIMA","HUAURA","HUALMAY"
"1363","LIMA","HUAURA","HUAURA"
"1364","LIMA","HUAURA","LEONCIO PRADO"
"1365","LIMA","HUAURA","PACCHO"
"1366","LIMA","HUAURA","SANTA LEONOR"
"1367","LIMA","HUAURA","SANTA MARIA"
"1368","LIMA","HUAURA","SAYAN"
"1369","LIMA","HUAURA","VEGUETA"
"1370","LIMA","LIMA","ANCON"
"1371","LIMA","LIMA","ATE"
"1372","LIMA","LIMA","BARRANCO"
"1373","LIMA","LIMA","BRENA"
"1374","LIMA","LIMA","CARABAYLLO"
"1375","LIMA","LIMA","CHACLACAYO"
"1376","LIMA","LIMA","CHORRILLOS"
"1377","LIMA","LIMA","CIENEGUILLA"
"1378","LIMA","LIMA","COMAS"
"1379","LIMA","LIMA","EL AGUSTINO"
"1380","LIMA","LIMA","INDEPENDENCIA"
"1381","LIMA","LIMA","JESUS MARIA"
"1382","LIMA","LIMA","LA MOLINA"
"1383","LIMA","LIMA","LA VICTORIA"
"1384","LIMA","LIMA","LIMA"
"1385","LIMA","LIMA","LINCE"
"1386","LIMA","LIMA","LOS OLIVOS"
"1387","LIMA","LIMA","LURIGANCHO"
"1388","LIMA","LIMA","LURIN"
"1389","LIMA","LIMA","MAGDALENA DEL MAR"
"1390","LIMA","LIMA","MIRAFLORES"
"1391","LIMA","LIMA","PACHACAMAC"
"1392","LIMA","LIMA","PUCUSANA"
"1393","LIMA","LIMA","PUEBLO LIBRE"
"1394","LIMA","LIMA","PUENTE PIEDRA"
"1395","LIMA","LIMA","PUNTA HERMOSA"
"1396","LIMA","LIMA","PUNTA NEGRA"
"1397","LIMA","LIMA","RIMAC"
"1398","LIMA","LIMA","SAN BARTOLO"
"1399","LIMA","LIMA","SAN BORJA"
"1400","LIMA","LIMA","SAN ISIDRO"
"1401","LIMA","LIMA","SAN JUAN DE LURIGANCHO"
"1402","LIMA","LIMA","SAN JUAN DE MIRAFLORES"
"1403","LIMA","LIMA","SAN LUIS"
"1404","LIMA","LIMA","SAN MARTIN DE PORRES"
"1405","LIMA","LIMA","SAN MIGUEL"
"1406","LIMA","LIMA","SANTA ANITA"
"1407","LIMA","LIMA","SANTA MARIA DEL MAR"
"1408","LIMA","LIMA","SANTA ROSA"
"1409","LIMA","LIMA","SANTIAGO DE SURCO"
"1410","LIMA","LIMA","SURQUILLO"
"1411","LIMA","LIMA","VILLA EL SALVADOR"
"1412","LIMA","LIMA","VILLA MARIA DEL TRIUNFO"
"1413","LIMA","OYON","ANDAJES"
"1414","LIMA","OYON","CAUJUL"
"1415","LIMA","OYON","COCHAMARCA"
"1416","LIMA","OYON","NAVAN"
"1417","LIMA","OYON","OYON"
"1418","LIMA","OYON","PACHANGARA"
"1419","LIMA","YAUYOS","ALIS"
"1420","LIMA","YAUYOS","ALLAUCA"
"1421","LIMA","YAUYOS","AYAVIRI"
"1422","LIMA","YAUYOS","AZANGARO"
"1423","LIMA","YAUYOS","CACRA"
"1424","LIMA","YAUYOS","CARANIA"
"1425","LIMA","YAUYOS","CATAHUASI"
"1426","LIMA","YAUYOS","CHOCOS"
"1427","LIMA","YAUYOS","COCHAS"
"1428","LIMA","YAUYOS","COLONIA"
"1429","LIMA","YAUYOS","HONGOS"
"1430","LIMA","YAUYOS","HUAMPARA"
"1431","LIMA","YAUYOS","HUANCAYA"
"1432","LIMA","YAUYOS","HUANEC"
"1433","LIMA","YAUYOS","HUANGASCAR"
"1434","LIMA","YAUYOS","HUANTAN"
"1435","LIMA","YAUYOS","LARAOS"
"1436","LIMA","YAUYOS","LINCHA"
"1437","LIMA","YAUYOS","MADEAN"
"1438","LIMA","YAUYOS","MIRAFLORES"
"1439","LIMA","YAUYOS","OMAS"
"1440","LIMA","YAUYOS","PUTINZA"
"1441","LIMA","YAUYOS","QUINCHES"
"1442","LIMA","YAUYOS","QUINOCAY"
"1443","LIMA","YAUYOS","SAN JOAQUIN"
"1444","LIMA","YAUYOS","SAN PEDRO DE PILAS"
"1445","LIMA","YAUYOS","TANTA"
"1446","LIMA","YAUYOS","TAURIPAMPA"
"1447","LIMA","YAUYOS","TOMAS"
"1448","LIMA","YAUYOS","TUPE"
"1449","LIMA","YAUYOS","VINAC"
"1450","LIMA","YAUYOS","VITIS"
"1451","LIMA","YAUYOS","YAUYOS"
"1452","LORETO","ALTO AMAZONAS","BALSAPUERTO"
"1453","LORETO","ALTO AMAZONAS","JEBEROS"
"1454","LORETO","ALTO AMAZONAS","LAGUNAS"
"1455","LORETO","ALTO AMAZONAS","SANTA CRUZ"
"1456","LORETO","ALTO AMAZONAS","TENIENTE CESAR LOPEZ ROJAS"
"1457","LORETO","ALTO AMAZONAS","YURIMAGUAS"
"1458","LORETO","DATEM DEL MARANON","ANDOAS"
"1459","LORETO","DATEM DEL MARANON","BARRANCA"
"1460","LORETO","DATEM DEL MARANON","CAHUAPANAS"
"1461","LORETO","DATEM DEL MARANON","MANSERICHE"
"1462","LORETO","DATEM DEL MARANON","MORONA"
"1463","LORETO","DATEM DEL MARANON","PASTAZA"
"1464","LORETO","LORETO","NAUTA"
"1465","LORETO","LORETO","PARINARI"
"1466","LORETO","LORETO","TIGRE"
"1467","LORETO","LORETO","TROMPETEROS"
"1468","LORETO","LORETO","URARINAS"
"1469","LORETO","MARISCAL RAMON CASTILLA","PEBAS"
"1470","LORETO","MARISCAL RAMON CASTILLA","RAMON CASTILLA"
"1471","LORETO","MARISCAL RAMON CASTILLA","SAN PABLO"
"1472","LORETO","MARISCAL RAMON CASTILLA","YAVARI"
"1473","LORETO","MAYNAS","ALTO NANAY"
"1474","LORETO","MAYNAS","BELEN"
"1475","LORETO","MAYNAS","FERNANDO LORES"
"1476","LORETO","MAYNAS","INDIANA"
"1477","LORETO","MAYNAS","IQUITOS"
"1478","LORETO","MAYNAS","LAS AMAZONAS"
"1479","LORETO","MAYNAS","MAZAN"
"1480","LORETO","MAYNAS","NAPO"
"1481","LORETO","MAYNAS","PUNCHANA"
"1482","LORETO","MAYNAS","SAN JUAN BAUTISTA"
"1483","LORETO","MAYNAS","TORRES CAUSANA"
"1484","LORETO","PUTUMAYO","PUTUMAYO"
"1485","LORETO","PUTUMAYO","ROSA PANDURO"
"1486","LORETO","PUTUMAYO","TENIENTE MANUEL CLAVERO"
"1487","LORETO","PUTUMAYO","YAGUAS"
"1488","LORETO","REQUENA","ALTO TAPICHE"
"1489","LORETO","REQUENA","CAPELO"
"1490","LORETO","REQUENA","EMILIO SAN MARTIN"
"1491","LORETO","REQUENA","JENARO HERRERA"
"1492","LORETO","REQUENA","MAQUIA"
"1493","LORETO","REQUENA","PUINAHUA"
"1494","LORETO","REQUENA","REQUENA"
"1495","LORETO","REQUENA","SAQUENA"
"1496","LORETO","REQUENA","SOPLIN"
"1497","LORETO","REQUENA","TAPICHE"
"1498","LORETO","REQUENA","YAQUERANA"
"1499","LORETO","UCAYALI","CONTAMANA"
"1500","LORETO","UCAYALI","INAHUAYA"
"1501","LORETO","UCAYALI","PADRE MARQUEZ"
"1502","LORETO","UCAYALI","PAMPA HERMOSA"
"1503","LORETO","UCAYALI","SARAYACU"
"1504","LORETO","UCAYALI","VARGAS GUERRA"
"1505","MADRE DE DIOS","MANU","FITZCARRALD"
"1506","MADRE DE DIOS","MANU","HUEPETUHE"
"1507","MADRE DE DIOS","MANU","MADRE DE DIOS"
"1508","MADRE DE DIOS","MANU","MANU"
"1509","MADRE DE DIOS","TAHUAMANU","IBERIA"
"1510","MADRE DE DIOS","TAHUAMANU","INAPARI"
"1511","MADRE DE DIOS","TAHUAMANU","TAHUAMANU"
"1512","MADRE DE DIOS","TAMBOPATA","INAMBARI"
"1513","MADRE DE DIOS","TAMBOPATA","LABERINTO"
"1514","MADRE DE DIOS","TAMBOPATA","LAS PIEDRAS"
"1515","MADRE DE DIOS","TAMBOPATA","TAMBOPATA"
"1516","MOQUEGUA","GENERAL SANCHEZ CERRO","CHOJATA"
"1517","MOQUEGUA","GENERAL SANCHEZ CERRO","COALAQUE"
"1518","MOQUEGUA","GENERAL SANCHEZ CERRO","ICHUNA"
"1519","MOQUEGUA","GENERAL SANCHEZ CERRO","LA CAPILLA"
"1520","MOQUEGUA","GENERAL SANCHEZ CERRO","LLOQUE"
"1521","MOQUEGUA","GENERAL SANCHEZ CERRO","MATALAQUE"
"1522","MOQUEGUA","GENERAL SANCHEZ CERRO","OMATE"
"1523","MOQUEGUA","GENERAL SANCHEZ CERRO","PUQUINA"
"1524","MOQUEGUA","GENERAL SANCHEZ CERRO","QUINISTAQUILLAS"
"1525","MOQUEGUA","GENERAL SANCHEZ CERRO","UBINAS"
"1526","MOQUEGUA","GENERAL SANCHEZ CERRO","YUNGA"
"1527","MOQUEGUA","ILO","EL ALGARROBAL"
"1528","MOQUEGUA","ILO","ILO"
"1529","MOQUEGUA","ILO","PACOCHA"
"1530","MOQUEGUA","MARISCAL NIETO","CARUMAS"
"1531","MOQUEGUA","MARISCAL NIETO","CUCHUMBAYA"
"1532","MOQUEGUA","MARISCAL NIETO","MOQUEGUA"
"1533","MOQUEGUA","MARISCAL NIETO","SAMEGUA"
"1534","MOQUEGUA","MARISCAL NIETO","SAN CRISTOBAL"
"1535","MOQUEGUA","MARISCAL NIETO","TORATA"
"1536","PASCO","DANIEL ALCIDES CARRION","CHACAYAN"
"1537","PASCO","DANIEL ALCIDES CARRION","GOYLLARISQUIZGA"
"1538","PASCO","DANIEL ALCIDES CARRION","PAUCAR"
"1539","PASCO","DANIEL ALCIDES CARRION","SAN PEDRO DE PILLAO"
"1540","PASCO","DANIEL ALCIDES CARRION","SANTA ANA DE TUSI"
"1541","PASCO","DANIEL ALCIDES CARRION","TAPUC"
"1542","PASCO","DANIEL ALCIDES CARRION","VILCABAMBA"
"1543","PASCO","DANIEL ALCIDES CARRION","YANAHUANCA"
"1544","PASCO","OXAPAMPA","CHONTABAMBA"
"1545","PASCO","OXAPAMPA","CONSTITUCION"
"1546","PASCO","OXAPAMPA","HUANCABAMBA"
"1547","PASCO","OXAPAMPA","OXAPAMPA"
"1548","PASCO","OXAPAMPA","PALCAZU"
"1549","PASCO","OXAPAMPA","POZUZO"
"1550","PASCO","OXAPAMPA","PUERTO BERMUDEZ"
"1551","PASCO","OXAPAMPA","VILLA RICA"
"1552","PASCO","PASCO","CHAUPIMARCA"
"1553","PASCO","PASCO","HUACHON"
"1554","PASCO","PASCO","HUARIACA"
"1555","PASCO","PASCO","HUAYLLAY"
"1556","PASCO","PASCO","NINACACA"
"1557","PASCO","PASCO","PALLANCHACRA"
"1558","PASCO","PASCO","PAUCARTAMBO"
"1559","PASCO","PASCO","SAN FRANCISCO DE ASIS DE YARUSYACAN"
"1560","PASCO","PASCO","SIMON BOLIVAR"
"1561","PASCO","PASCO","TICLACAYAN"
"1562","PASCO","PASCO","TINYAHUARCO"
"1563","PASCO","PASCO","VICCO"
"1564","PASCO","PASCO","YANACANCHA"
"1565","PIURA","AYABACA","AYABACA"
"1566","PIURA","AYABACA","FRIAS"
"1567","PIURA","AYABACA","JILILI"
"1568","PIURA","AYABACA","LAGUNAS"
"1569","PIURA","AYABACA","MONTERO"
"1570","PIURA","AYABACA","PACAIPAMPA"
"1571","PIURA","AYABACA","PAIMAS"
"1572","PIURA","AYABACA","SAPILLICA"
"1573","PIURA","AYABACA","SICCHEZ"
"1574","PIURA","AYABACA","SUYO"
"1575","PIURA","HUANCABAMBA","CANCHAQUE"
"1576","PIURA","HUANCABAMBA","EL CARMEN DE LA FRONTERA"
"1577","PIURA","HUANCABAMBA","HUANCABAMBA"
"1578","PIURA","HUANCABAMBA","HUARMACA"
"1579","PIURA","HUANCABAMBA","LALAQUIZ"
"1580","PIURA","HUANCABAMBA","SAN MIGUEL DE EL FAIQUE"
"1581","PIURA","HUANCABAMBA","SONDOR"
"1582","PIURA","HUANCABAMBA","SONDORILLO"
"1583","PIURA","MORROPON","BUENOS AIRES"
"1584","PIURA","MORROPON","CHALACO"
"1585","PIURA","MORROPON","CHULUCANAS"
"1586","PIURA","MORROPON","LA MATANZA"
"1587","PIURA","MORROPON","MORROPON"
"1588","PIURA","MORROPON","SALITRAL"
"1589","PIURA","MORROPON","SAN JUAN DE BIGOTE"
"1590","PIURA","MORROPON","SANTA CATALINA DE MOSSA"
"1591","PIURA","MORROPON","SANTO DOMINGO"
"1592","PIURA","MORROPON","YAMANGO"
"1593","PIURA","PAITA","AMOTAPE"
"1594","PIURA","PAITA","ARENAL"
"1595","PIURA","PAITA","COLAN"
"1596","PIURA","PAITA","LA HUACA"
"1597","PIURA","PAITA","PAITA"
"1598","PIURA","PAITA","TAMARINDO"
"1599","PIURA","PAITA","VICHAYAL"
"1600","PIURA","PIURA","CASTILLA"
"1601","PIURA","PIURA","CATACAOS"
"1602","PIURA","PIURA","CURA MORI"
"1603","PIURA","PIURA","EL TALLAN"
"1604","PIURA","PIURA","LA ARENA"
"1605","PIURA","PIURA","LA UNION"
"1606","PIURA","PIURA","LAS LOMAS"
"1607","PIURA","PIURA","PIURA"
"1608","PIURA","PIURA","TAMBO GRANDE"
"1609","PIURA","PIURA","VEINTISEIS DE OCTUBRE"
"1610","PIURA","SECHURA","BELLAVISTA DE LA UNION"
"1611","PIURA","SECHURA","BERNAL"
"1612","PIURA","SECHURA","CRISTO NOS VALGA"
"1613","PIURA","SECHURA","RINCONADA LLICUAR"
"1614","PIURA","SECHURA","SECHURA"
"1615","PIURA","SECHURA","VICE"
"1616","PIURA","SULLANA","BELLAVISTA"
"1617","PIURA","SULLANA","IGNACIO ESCUDERO"
"1618","PIURA","SULLANA","LANCONES"
"1619","PIURA","SULLANA","MARCAVELICA"
"1620","PIURA","SULLANA","MIGUEL CHECA"
"1621","PIURA","SULLANA","QUERECOTILLO"
"1622","PIURA","SULLANA","SALITRAL"
"1623","PIURA","SULLANA","SULLANA"
"1624","PIURA","TALARA","EL ALTO"
"1625","PIURA","TALARA","LA BREA"
"1626","PIURA","TALARA","LOBITOS"
"1627","PIURA","TALARA","LOS ORGANOS"
"1628","PIURA","TALARA","MANCORA"
"1629","PIURA","TALARA","PARINAS"
"1630","PUNO","AZANGARO","ACHAYA"
"1631","PUNO","AZANGARO","ARAPA"
"1632","PUNO","AZANGARO","ASILLO"
"1633","PUNO","AZANGARO","AZANGARO"
"1634","PUNO","AZANGARO","CAMINACA"
"1635","PUNO","AZANGARO","CHUPA"
"1636","PUNO","AZANGARO","JOSE DOMINGO CHOQUEHUANCA"
"1637","PUNO","AZANGARO","MUNANI"
"1638","PUNO","AZANGARO","POTONI"
"1639","PUNO","AZANGARO","SAMAN"
"1640","PUNO","AZANGARO","SAN ANTON"
"1641","PUNO","AZANGARO","SAN JOSE"
"1642","PUNO","AZANGARO","SAN JUAN DE SALINAS"
"1643","PUNO","AZANGARO","SANTIAGO DE PUPUJA"
"1644","PUNO","AZANGARO","TIRAPATA"
"1645","PUNO","CARABAYA","AJOYANI"
"1646","PUNO","CARABAYA","AYAPATA"
"1647","PUNO","CARABAYA","COASA"
"1648","PUNO","CARABAYA","CORANI"
"1649","PUNO","CARABAYA","CRUCERO"
"1650","PUNO","CARABAYA","ITUATA"
"1651","PUNO","CARABAYA","MACUSANI"
"1652","PUNO","CARABAYA","OLLACHEA"
"1653","PUNO","CARABAYA","SAN GABAN"
"1654","PUNO","CARABAYA","USICAYOS"
"1655","PUNO","CHUCUITO","DESAGUADERO"
"1656","PUNO","CHUCUITO","HUACULLANI"
"1657","PUNO","CHUCUITO","JULI"
"1658","PUNO","CHUCUITO","KELLUYO"
"1659","PUNO","CHUCUITO","PISACOMA"
"1660","PUNO","CHUCUITO","POMATA"
"1661","PUNO","CHUCUITO","ZEPITA"
"1662","PUNO","EL COLLAO","CAPAZO"
"1663","PUNO","EL COLLAO","CONDURIRI"
"1664","PUNO","EL COLLAO","ILAVE"
"1665","PUNO","EL COLLAO","PILCUYO"
"1666","PUNO","EL COLLAO","SANTA ROSA"
"1667","PUNO","HUANCANE","COJATA"
"1668","PUNO","HUANCANE","HUANCANE"
"1669","PUNO","HUANCANE","HUATASANI"
"1670","PUNO","HUANCANE","INCHUPALLA"
"1671","PUNO","HUANCANE","PUSI"
"1672","PUNO","HUANCANE","ROSASPATA"
"1673","PUNO","HUANCANE","TARACO"
"1674","PUNO","HUANCANE","VILQUE CHICO"
"1675","PUNO","LAMPA","CABANILLA"
"1676","PUNO","LAMPA","CALAPUJA"
"1677","PUNO","LAMPA","LAMPA"
"1678","PUNO","LAMPA","NICASIO"
"1679","PUNO","LAMPA","OCUVIRI"
"1680","PUNO","LAMPA","PALCA"
"1681","PUNO","LAMPA","PARATIA"
"1682","PUNO","LAMPA","PUCARA"
"1683","PUNO","LAMPA","SANTA LUCIA"
"1684","PUNO","LAMPA","VILAVILA"
"1685","PUNO","MELGAR","ANTAUTA"
"1686","PUNO","MELGAR","AYAVIRI"
"1687","PUNO","MELGAR","CUPI"
"1688","PUNO","MELGAR","LLALLI"
"1689","PUNO","MELGAR","MACARI"
"1690","PUNO","MELGAR","NUNOA"
"1691","PUNO","MELGAR","ORURILLO"
"1692","PUNO","MELGAR","SANTA ROSA"
"1693","PUNO","MELGAR","UMACHIRI"
"1694","PUNO","MOHO","CONIMA"
"1695","PUNO","MOHO","HUAYRAPATA"
"1696","PUNO","MOHO","MOHO"
"1697","PUNO","MOHO","TILALI"
"1698","PUNO","PUNO","ACORA"
"1699","PUNO","PUNO","AMANTANI"
"1700","PUNO","PUNO","ATUNCOLLA"
"1701","PUNO","PUNO","CAPACHICA"
"1702","PUNO","PUNO","CHUCUITO"
"1703","PUNO","PUNO","COATA"
"1704","PUNO","PUNO","HUATA"
"1705","PUNO","PUNO","MANAZO"
"1706","PUNO","PUNO","PAUCARCOLLA"
"1707","PUNO","PUNO","PICHACANI"
"1708","PUNO","PUNO","PLATERIA"
"1709","PUNO","PUNO","PUNO"
"1710","PUNO","PUNO","SAN ANTONIO"
"1711","PUNO","PUNO","TIQUILLACA"
"1712","PUNO","PUNO","VILQUE"
"1713","PUNO","SAN ANTONIO DE PUTINA","ANANEA"
"1714","PUNO","SAN ANTONIO DE PUTINA","PEDRO VILCA APAZA"
"1715","PUNO","SAN ANTONIO DE PUTINA","PUTINA"
"1716","PUNO","SAN ANTONIO DE PUTINA","QUILCAPUNCU"
"1717","PUNO","SAN ANTONIO DE PUTINA","SINA"
"1718","PUNO","SAN ROMAN","CABANA"
"1719","PUNO","SAN ROMAN","CABANILLAS"
"1720","PUNO","SAN ROMAN","CARACOTO"
"1721","PUNO","SAN ROMAN","JULIACA"
"1722","PUNO","SAN ROMAN","SAN MIGUEL"
"1723","PUNO","SANDIA","ALTO INAMBARI"
"1724","PUNO","SANDIA","CUYOCUYO"
"1725","PUNO","SANDIA","LIMBANI"
"1726","PUNO","SANDIA","PATAMBUCO"
"1727","PUNO","SANDIA","PHARA"
"1728","PUNO","SANDIA","QUIACA"
"1729","PUNO","SANDIA","SAN JUAN DEL ORO"
"1730","PUNO","SANDIA","SAN PEDRO DE PUTINA PUNCO"
"1731","PUNO","SANDIA","SANDIA"
"1732","PUNO","SANDIA","YANAHUAYA"
"1733","PUNO","YUNGUYO","ANAPIA"
"1734","PUNO","YUNGUYO","COPANI"
"1735","PUNO","YUNGUYO","CUTURAPI"
"1736","PUNO","YUNGUYO","OLLARAYA"
"1737","PUNO","YUNGUYO","TINICACHI"
"1738","PUNO","YUNGUYO","UNICACHI"
"1739","PUNO","YUNGUYO","YUNGUYO"
"1740","SAN MARTIN","BELLAVISTA","ALTO BIAVO"
"1741","SAN MARTIN","BELLAVISTA","BAJO BIAVO"
"1742","SAN MARTIN","BELLAVISTA","BELLAVISTA"
"1743","SAN MARTIN","BELLAVISTA","HUALLAGA"
"1744","SAN MARTIN","BELLAVISTA","SAN PABLO"
"1745","SAN MARTIN","BELLAVISTA","SAN RAFAEL"
"1746","SAN MARTIN","EL DORADO","AGUA BLANCA"
"1747","SAN MARTIN","EL DORADO","SAN JOSE DE SISA"
"1748","SAN MARTIN","EL DORADO","SAN MARTIN"
"1749","SAN MARTIN","EL DORADO","SANTA ROSA"
"1750","SAN MARTIN","EL DORADO","SHATOJA"
"1751","SAN MARTIN","HUALLAGA","ALTO SAPOSOA"
"1752","SAN MARTIN","HUALLAGA","EL ESLABON"
"1753","SAN MARTIN","HUALLAGA","PISCOYACU"
"1754","SAN MARTIN","HUALLAGA","SACANCHE"
"1755","SAN MARTIN","HUALLAGA","SAPOSOA"
"1756","SAN MARTIN","HUALLAGA","TINGO DE SAPOSOA"
"1757","SAN MARTIN","LAMAS","ALONSO DE ALVARADO"
"1758","SAN MARTIN","LAMAS","BARRANQUITA"
"1759","SAN MARTIN","LAMAS","CAYNARACHI"
"1760","SAN MARTIN","LAMAS","CUNUMBUQUI"
"1761","SAN MARTIN","LAMAS","LAMAS"
"1762","SAN MARTIN","LAMAS","PINTO RECODO"
"1763","SAN MARTIN","LAMAS","RUMISAPA"
"1764","SAN MARTIN","LAMAS","SAN ROQUE DE CUMBAZA"
"1765","SAN MARTIN","LAMAS","SHANAO"
"1766","SAN MARTIN","LAMAS","TABALOSOS"
"1767","SAN MARTIN","LAMAS","ZAPATERO"
"1768","SAN MARTIN","MARISCAL CACERES","CAMPANILLA"
"1769","SAN MARTIN","MARISCAL CACERES","HUICUNGO"
"1770","SAN MARTIN","MARISCAL CACERES","JUANJUI"
"1771","SAN MARTIN","MARISCAL CACERES","PACHIZA"
"1772","SAN MARTIN","MARISCAL CACERES","PAJARILLO"
"1773","SAN MARTIN","MOYOBAMBA","CALZADA"
"1774","SAN MARTIN","MOYOBAMBA","HABANA"
"1775","SAN MARTIN","MOYOBAMBA","JEPELACIO"
"1776","SAN MARTIN","MOYOBAMBA","MOYOBAMBA"
"1777","SAN MARTIN","MOYOBAMBA","SORITOR"
"1778","SAN MARTIN","MOYOBAMBA","YANTALO"
"1779","SAN MARTIN","PICOTA","BUENOS AIRES"
"1780","SAN MARTIN","PICOTA","CASPISAPA"
"1781","SAN MARTIN","PICOTA","PICOTA"
"1782","SAN MARTIN","PICOTA","PILLUANA"
"1783","SAN MARTIN","PICOTA","PUCACACA"
"1784","SAN MARTIN","PICOTA","SAN CRISTOBAL"
"1785","SAN MARTIN","PICOTA","SAN HILARION"
"1786","SAN MARTIN","PICOTA","SHAMBOYACU"
"1787","SAN MARTIN","PICOTA","TINGO DE PONASA"
"1788","SAN MARTIN","PICOTA","TRES UNIDOS"
"1789","SAN MARTIN","RIOJA","AWAJUN"
"1790","SAN MARTIN","RIOJA","ELIAS SOPLIN VARGAS"
"1791","SAN MARTIN","RIOJA","NUEVA CAJAMARCA"
"1792","SAN MARTIN","RIOJA","PARDO MIGUEL"
"1793","SAN MARTIN","RIOJA","POSIC"
"1794","SAN MARTIN","RIOJA","RIOJA"
"1795","SAN MARTIN","RIOJA","SAN FERNANDO"
"1796","SAN MARTIN","RIOJA","YORONGOS"
"1797","SAN MARTIN","RIOJA","YURACYACU"
"1798","SAN MARTIN","SAN MARTIN","ALBERTO LEVEAU"
"1799","SAN MARTIN","SAN MARTIN","CACATACHI"
"1800","SAN MARTIN","SAN MARTIN","CHAZUTA"
"1801","SAN MARTIN","SAN MARTIN","CHIPURANA"
"1802","SAN MARTIN","SAN MARTIN","EL PORVENIR"
"1803","SAN MARTIN","SAN MARTIN","HUIMBAYOC"
"1804","SAN MARTIN","SAN MARTIN","JUAN GUERRA"
"1805","SAN MARTIN","SAN MARTIN","LA BANDA DE SHILCAYO"
"1806","SAN MARTIN","SAN MARTIN","MORALES"
"1807","SAN MARTIN","SAN MARTIN","PAPAPLAYA"
"1808","SAN MARTIN","SAN MARTIN","SAN ANTONIO"
"1809","SAN MARTIN","SAN MARTIN","SAUCE"
"1810","SAN MARTIN","SAN MARTIN","SHAPAJA"
"1811","SAN MARTIN","SAN MARTIN","TARAPOTO"
"1812","SAN MARTIN","TOCACHE","NUEVO PROGRESO"
"1813","SAN MARTIN","TOCACHE","POLVORA"
"1814","SAN MARTIN","TOCACHE","SHUNTE"
"1815","SAN MARTIN","TOCACHE","TOCACHE"
"1816","SAN MARTIN","TOCACHE","UCHIZA"
"1817","TACNA","CANDARAVE","CAIRANI"
"1818","TACNA","CANDARAVE","CAMILACA"
"1819","TACNA","CANDARAVE","CANDARAVE"
"1820","TACNA","CANDARAVE","CURIBAYA"
"1821","TACNA","CANDARAVE","HUANUARA"
"1822","TACNA","CANDARAVE","QUILAHUANI"
"1823","TACNA","JORGE BASADRE","ILABAYA"
"1824","TACNA","JORGE BASADRE","ITE"
"1825","TACNA","JORGE BASADRE","LOCUMBA"
"1826","TACNA","TACNA","ALTO DE LA ALIANZA"
"1827","TACNA","TACNA","CALANA"
"1828","TACNA","TACNA","CIUDAD NUEVA"
"1829","TACNA","TACNA","CORONEL GREGORIO ALBARRACIN LANCHIPA"
"1830","TACNA","TACNA","INCLAN"
"1831","TACNA","TACNA","LA YARADA LOS PALOS"
"1832","TACNA","TACNA","PACHIA"
"1833","TACNA","TACNA","PALCA"
"1834","TACNA","TACNA","POCOLLAY"
"1835","TACNA","TACNA","SAMA"
"1836","TACNA","TACNA","TACNA"
"1837","TACNA","TARATA","ESTIQUE"
"1838","TACNA","TARATA","ESTIQUE PAMPA"
"1839","TACNA","TARATA","HEROES ALBARRACIN"
"1840","TACNA","TARATA","SITAJARA"
"1841","TACNA","TARATA","SUSAPAYA"
"1842","TACNA","TARATA","TARATA"
"1843","TACNA","TARATA","TARUCACHI"
"1844","TACNA","TARATA","TICACO"
"1845","TUMBES","CONTRALMIRANTE VILLAR","CANOAS DE PUNTA SAL"
"1846","TUMBES","CONTRALMIRANTE VILLAR","CASITAS"
"1847","TUMBES","CONTRALMIRANTE VILLAR","ZORRITOS"
"1848","TUMBES","TUMBES","CORRALES"
"1849","TUMBES","TUMBES","LA CRUZ"
"1850","TUMBES","TUMBES","PAMPAS DE HOSPITAL"
"1851","TUMBES","TUMBES","SAN JACINTO"
"1852","TUMBES","TUMBES","SAN JUAN DE LA VIRGEN"
"1853","TUMBES","TUMBES","TUMBES"
"1854","TUMBES","ZARUMILLA","AGUAS VERDES"
"1855","TUMBES","ZARUMILLA","MATAPALO"
"1856","TUMBES","ZARUMILLA","PAPAYAL"
"1857","TUMBES","ZARUMILLA","ZARUMILLA"
"1858","UCAYALI","ATALAYA","RAYMONDI"
"1859","UCAYALI","ATALAYA","SEPAHUA"
"1860","UCAYALI","ATALAYA","TAHUANIA"
"1861","UCAYALI","ATALAYA","YURUA"
"1862","UCAYALI","CORONEL PORTILLO","CALLERIA"
"1863","UCAYALI","CORONEL PORTILLO","CAMPOVERDE"
"1864","UCAYALI","CORONEL PORTILLO","IPARIA"
"1865","UCAYALI","CORONEL PORTILLO","MANANTAY"
"1866","UCAYALI","CORONEL PORTILLO","MASISEA"
"1867","UCAYALI","CORONEL PORTILLO","NUEVA REQUENA"
"1868","UCAYALI","CORONEL PORTILLO","YARINACOCHA"
"1869","UCAYALI","PADRE ABAD","ALEXANDER VON HUMBOLDT"
"1870","UCAYALI","PADRE ABAD","CURIMANA"
"1871","UCAYALI","PADRE ABAD","IRAZOLA"
"1872","UCAYALI","PADRE ABAD","NESHUYA"
"1873","UCAYALI","PADRE ABAD","PADRE ABAD"
"1874","UCAYALI","PURUS","PURUS"
